ratio_L_over_b,L,p,C_geo,C_hybrid,delta_C_hybrid_minus_geo
1.6,16000,0.0,0.013479126506330636,0.011175385388756566,-0.00230374111757407
1.6,16000,0.010101010101010102,0.016401988786181626,0.013559831331862504,-0.002842157454319122
1.6,16000,0.020202020202020204,0.019324851066032614,0.015944277274968444,-0.0033805737910641703
1.6,16000,0.030303030303030304,0.022247713345883605,0.01832872321807438,-0.003918990127809226
1.6,16000,0.04040404040404041,0.025170575625734597,0.020713169161180316,-0.004457406464554281
1.6,16000,0.05050505050505051,0.028093437905585585,0.023097615104286255,-0.004995822801299329
1.6,16000,0.06060606060606061,0.031016300185436572,0.025482061047392195,-0.005534239138044378
1.6,16000,0.07070707070707072,0.03393916246528757,0.027866506990498134,-0.006072655474789433
1.6,16000,0.08080808080808081,0.036862024745138555,0.030250952933604074,-0.006611071811534482
1.6,16000,0.09090909090909091,0.03978488702498954,0.032635398876710006,-0.007149488148279537
1.6,16000,0.10101010101010102,0.04270774930484053,0.035019844819815946,-0.007687904485024585
1.6,16000,0.11111111111111112,0.04563061158469152,0.037404290762921885,-0.008226320821769634
1.6,16000,0.12121212121212122,0.048553473864542514,0.03978873670602782,-0.008764737158514696
1.6,16000,0.13131313131313133,0.05147633614439351,0.042173182649133764,-0.009303153495259744
1.6,16000,0.14141414141414144,0.054399198424244496,0.0445576285922397,-0.0098415698320048
1.6,16000,0.15151515151515152,0.057322060704095484,0.046942074535345636,-0.010379986168749848
1.6,16000,0.16161616161616163,0.06024492298394647,0.049326520478451576,-0.010918402505494897
1.6,16000,0.17171717171717174,0.06316778526379747,0.051710966421557515,-0.011456818842239959
1.6,16000,0.18181818181818182,0.06609064754364845,0.05409541236466345,-0.011995235178985
1.6,16000,0.19191919191919193,0.06901350982349944,0.05647985830776939,-0.012533651515730049
1.6,16000,0.20202020202020204,0.07193637210335044,0.05886430425087533,-0.013072067852475111
1.6,16000,0.21212121212121213,0.07485923438320141,0.06124875019398126,-0.013610484189220153
1.6,16000,0.22222222222222224,0.07778209666305241,0.0636331961370872,-0.014148900525965208
1.6,16000,0.23232323232323235,0.08070495894290342,0.06601764208019315,-0.01468731686271027
1.6,16000,0.24242424242424243,0.08362782122275439,0.06840208802329907,-0.015225733199455319
1.6,16000,0.25252525252525254,0.08655068350260538,0.07078653396640502,-0.015764149536200353
1.6,16000,0.26262626262626265,0.08947354578245638,0.07317097990951096,-0.016302565872945415
1.6,16000,0.27272727272727276,0.09239640806230737,0.07555542585261689,-0.016840982209690478
1.6,16000,0.2828282828282829,0.09531927034215835,0.07793987179572283,-0.017379398546435526
1.6,16000,0.29292929292929293,0.09824213262200934,0.08032431773882875,-0.01791781488318059
1.6,16000,0.30303030303030304,0.10116499490186033,0.08270876368193471,-0.018456231219925623
1.6,16000,0.31313131313131315,0.10408785718171132,0.08509320962504065,-0.01899464755667067
1.6,16000,0.32323232323232326,0.1070107194615623,0.08747765556814659,-0.01953306389341572
1.6,16000,0.33333333333333337,0.1099335817414133,0.08986210151125253,-0.020071480230160768
1.6,16000,0.3434343434343435,0.1128564440212643,0.09224654745435847,-0.02060989656690583
1.6,16000,0.3535353535353536,0.1157793063011153,0.09463099339746439,-0.021148312903650907
1.6,16000,0.36363636363636365,0.11870216858096627,0.09701543934057032,-0.021686729240395955
1.6,16000,0.37373737373737376,0.12162503086081726,0.09939988528367627,-0.02222514557714099
1.6,16000,0.38383838383838387,0.12454789314066825,0.10178433122678221,-0.022763561913886038
1.6,16000,0.393939393939394,0.12747075542051925,0.10416877716988815,-0.0233019782506311
1.6,16000,0.4040404040404041,0.13039361770037022,0.10655322311299409,-0.023840394587376135
1.6,16000,0.4141414141414142,0.13331647998022123,0.10893766905610003,-0.024378810924121197
1.6,16000,0.42424242424242425,0.1362393422600722,0.11132211499920595,-0.024917227260866245
1.6,16000,0.43434343434343436,0.13916220453992317,0.11370656094231191,-0.025455643597611266
1.6,16000,0.4444444444444445,0.14208506681977418,0.11609100688541785,-0.02599405993435633
1.6,16000,0.4545454545454546,0.1450079290996252,0.11847545282852379,-0.02653247627110142
1.6,16000,0.4646464646464647,0.14793079137947618,0.12085989877162971,-0.027070892607846467
1.6,16000,0.4747474747474748,0.15085365365932718,0.12324434471473565,-0.02760930894459153
1.6,16000,0.48484848484848486,0.15377651593917813,0.12562879065784158,-0.02814772528133655
1.6,16000,0.494949494949495,0.15669937821902913,0.12801323660094752,-0.028686141618081612
1.6,16000,0.5050505050505051,0.15962224049888013,0.13039768254405348,-0.029224557954826647
1.6,16000,0.5151515151515152,0.16254510277873113,0.1327821284871594,-0.029762974291571737
1.6,16000,0.5252525252525253,0.16546796505858213,0.13516657443026533,-0.0303013906283168
1.6,16000,0.5353535353535354,0.16839082733843308,0.13755102037337127,-0.030839806965061806
1.6,16000,0.5454545454545455,0.1713136896182841,0.13993546631647721,-0.031378223301806896
1.6,16000,0.5555555555555556,0.17423655189813506,0.14231991225958315,-0.0319166396385519
1.6,16000,0.5656565656565657,0.17715941417798609,0.1447043582026891,-0.03245505597529699
1.6,16000,0.5757575757575758,0.18008227645783706,0.14708880414579503,-0.03299347231204203
1.6,16000,0.5858585858585859,0.18300513873768803,0.14947325008890094,-0.03353188864878709
1.6,16000,0.595959595959596,0.18592800101753904,0.1518576960320069,-0.034070304985532124
1.6,16000,0.6060606060606061,0.18885086329739,0.15424214197511285,-0.03460872132227716
1.6,16000,0.6161616161616162,0.19177372557724104,0.1566265879182188,-0.03514713765902225
1.6,16000,0.6262626262626263,0.19469658785709199,0.15901103386132473,-0.035685553995767255
1.6,16000,0.6363636363636365,0.19761945013694301,0.16139547980443067,-0.036223970332512345
1.6,16000,0.6464646464646465,0.200542312416794,0.1637799257475366,-0.03676238666925738
1.6,16000,0.6565656565656566,0.20346517469664496,0.16616437169064252,-0.03730080300600244
1.6,16000,0.6666666666666667,0.20638803697649596,0.1685488176337485,-0.03783921934274748
1.6,16000,0.6767676767676768,0.20931089925634694,0.17093326357685443,-0.03837763567949251
1.6,16000,0.686868686868687,0.21223376153619797,0.17331770951996037,-0.0389160520162376
1.6,16000,0.696969696969697,0.21515662381604894,0.1757021554630663,-0.039454468352982636
1.6,16000,0.7070707070707072,0.21807948609589994,0.17808660140617222,-0.039992884689727726
1.6,16000,0.7171717171717172,0.22100234837575092,0.18047104734927816,-0.04053130102647276
1.6,16000,0.7272727272727273,0.2239252106556019,0.18285549329238407,-0.04106971736321782
1.6,16000,0.7373737373737375,0.2268480729354529,0.18523993923549004,-0.04160813369996286
1.6,16000,0.7474747474747475,0.22977093521530387,0.18762438517859598,-0.04214655003670789
1.6,16000,0.7575757575757577,0.2326937974951549,0.19000883112170192,-0.04268496637345298
1.6,16000,0.7676767676767677,0.23561665977500587,0.19239327706480785,-0.043223382710198016
1.6,16000,0.7777777777777778,0.23853952205485685,0.19477772300791377,-0.04376179904694308
1.6,16000,0.787878787878788,0.24146238433470785,0.19716216895101973,-0.04430021538368811
1.6,16000,0.797979797979798,0.24438524661455882,0.19954661489412565,-0.044838631720433175
1.6,16000,0.8080808080808082,0.24730810889440982,0.2019310608372316,-0.04537704805717821
1.6,16000,0.8181818181818182,0.2502309711742608,0.20431550678033755,-0.045915464393923244
1.6,16000,0.8282828282828284,0.25315383345411185,0.2066999527234435,-0.04645388073066836
1.6,16000,0.8383838383838385,0.2560766957339628,0.20908439866654943,-0.04699229706741337
1.6,16000,0.8484848484848485,0.25899955801381375,0.21146884460965534,-0.0475307134041584
1.6,16000,0.8585858585858587,0.2619224202936648,0.2138532905527613,-0.04806912974090349
1.6,16000,0.8686868686868687,0.26484528257351575,0.21623773649586725,-0.0486075460776485
1.6,16000,0.8787878787878789,0.26776814485336675,0.2186221824389732,-0.04914596241439356
1.6,16000,0.888888888888889,0.2706910071332177,0.22100662838207913,-0.04968437875113857
1.6,16000,0.8989898989898991,0.27361386941306876,0.22339107432518504,-0.050222795087883715
1.6,16000,0.9090909090909092,0.27653673169291976,0.22577552026829098,-0.05076121142462878
1.6,16000,0.9191919191919192,0.2794595939727707,0.2281599662113969,-0.05129962776137381
1.6,16000,0.9292929292929294,0.2823824562526217,0.23054441215450286,-0.051838044098118846
1.6,16000,0.9393939393939394,0.28530531853247265,0.2329288580976088,-0.05237646043486385
1.6,16000,0.9494949494949496,0.2882281808123237,0.23531330404071474,-0.05291487677160897
1.6,16000,0.9595959595959597,0.29115104309217466,0.23769774998382068,-0.05345329310835398
1.6,16000,0.9696969696969697,0.29407390537202566,0.2400821959269266,-0.05399170944509907
1.6,16000,0.9797979797979799,0.29699676765187666,0.24246664187003256,-0.0545301257818441
1.6,16000,0.98989898989899,0.2999196299317276,0.24485108781313847,-0.05506854211858914
1.6,16000,1.0,0.3028424922115786,0.2472355337562444,-0.0556069584553342
10.0,100000,0.0,0.007918157093914361,0.007827631475431153,-9.052561848320838e-05
10.0,100000,0.010101010101010102,0.01044409701391741,0.009878333427214983,-0.0005657635867024266
10.0,100000,0.020202020202020204,0.012970036933920456,0.011929035378998814,-0.0010410015549216414
10.0,100000,0.030303030303030304,0.015495976853923503,0.013979737330782647,-0.0015162395231408561
10.0,100000,0.04040404040404041,0.01802191677392655,0.016030439282566478,-0.0019914774913600726
10.0,100000,0.05050505050505051,0.0205478566939296,0.01808114123435031,-0.0024667154595792926
10.0,100000,0.06060606060606061,0.02307379661393265,0.02013184318613414,-0.002941953427798509
10.0,100000,0.07070707070707072,0.025599736533935692,0.02218254513791797,-0.003417191396017722
10.0,100000,0.08080808080808081,0.028125676453938743,0.0242332470897018,-0.003892429364236942
10.0,100000,0.09090909090909091,0.030651616373941787,0.026283949041485632,-0.004367667332456155
10.0,100000,0.10101010101010102,0.03317755629394484,0.028334650993269463,-0.004842905300675375
10.0,100000,0.11111111111111112,0.03570349621394788,0.030385352945053293,-0.005318143268894588
10.0,100000,0.12121212121212122,0.03822943613395093,0.032436054896837124,-0.005793381237113808
10.0,100000,0.13131313131313133,0.04075537605395398,0.03448675684862096,-0.0062686192053330245
10.0,100000,0.14141414141414144,0.04328131597395703,0.036537458800404786,-0.006743857173552241
10.0,100000,0.15151515151515152,0.04580725589396007,0.03858816075218861,-0.0072190951417714574
10.0,100000,0.16161616161616163,0.04833319581396312,0.04063886270397245,-0.007694333109990674
10.0,100000,0.17171717171717174,0.05085913573396618,0.04268956465575628,-0.008169571078209897
10.0,100000,0.18181818181818182,0.053385075653969216,0.04474026660754011,-0.008644809046429107
10.0,100000,0.19191919191919193,0.05591101557397227,0.046790968559323944,-0.009120047014648323
10.0,100000,0.20202020202020204,0.05843695549397532,0.04884167051110778,-0.00959528498286754
10.0,100000,0.21212121212121213,0.060962895413978355,0.050892372462891605,-0.01007052295108675
10.0,100000,0.22222222222222224,0.0634888353339814,0.05294307441467544,-0.010545760919305966
10.0,100000,0.23232323232323235,0.06601477525398446,0.05499377636645927,-0.01102099888752519
10.0,100000,0.24242424242424243,0.06854071517398751,0.057044478318243094,-0.011496236855744413
10.0,100000,0.25252525252525254,0.07106665509399056,0.05909518027002693,-0.01197147482396363
10.0,100000,0.26262626262626265,0.07359259501399361,0.06114588222181076,-0.012446712792182846
10.0,100000,0.27272727272727276,0.07611853493399665,0.0631965841735946,-0.012921950760402048
10.0,100000,0.2828282828282829,0.0786444748539997,0.06524728612537842,-0.013397188728621279
10.0,100000,0.29292929292929293,0.08117041477400273,0.06729798807716225,-0.013872426696840481
10.0,100000,0.30303030303030304,0.08369635469400578,0.06934869002894609,-0.014347664665059698
10.0,100000,0.31313131313131315,0.08622229461400883,0.0713993919807299,-0.014822902633278928
10.0,100000,0.32323232323232326,0.08874823453401189,0.07345009393251374,-0.015298140601498145
10.0,100000,0.33333333333333337,0.09127417445401494,0.07550079588429758,-0.01577337856971736
10.0,100000,0.3434343434343435,0.09380011437401799,0.07755149783608141,-0.016248616537936578
10.0,100000,0.3535353535353536,0.09632605429402102,0.07960219978786524,-0.01672385450615578
10.0,100000,0.36363636363636365,0.09885199421402406,0.08165290173964906,-0.017199092474374997
10.0,100000,0.37373737373737376,0.10137793413402711,0.0837036036914329,-0.017674330442594213
10.0,100000,0.38383838383838387,0.10390387405403016,0.08575430564321673,-0.01814956841081343
10.0,100000,0.393939393939394,0.10642981397403321,0.08780500759500055,-0.01862480637903266
10.0,100000,0.4040404040404041,0.10895575389403628,0.0898557095467844,-0.019100044347251877
10.0,100000,0.4141414141414142,0.11148169381403933,0.09190641149856822,-0.019575282315471107
10.0,100000,0.42424242424242425,0.11400763373404235,0.09395711345035206,-0.020050520283690296
10.0,100000,0.43434343434343436,0.1165335736540454,0.09600781540213588,-0.020525758251909526
10.0,100000,0.4444444444444445,0.11905951357404845,0.09805851735391972,-0.02100099622012873
10.0,100000,0.4545454545454546,0.1215854534940515,0.10010921930570355,-0.02147623418834796
10.0,100000,0.4646464646464647,0.12411139341405455,0.10215992125748738,-0.021951472156567176
10.0,100000,0.4747474747474748,0.1266373333340576,0.10421062320927121,-0.022426710124786392
10.0,100000,0.48484848484848486,0.12916327325406063,0.10626132516105503,-0.022901948093005595
10.0,100000,0.494949494949495,0.1316892131740637,0.10831202711283887,-0.02337718606122484
10.0,100000,0.5050505050505051,0.13421515309406676,0.1103627290646227,-0.023852424029444055
10.0,100000,0.5151515151515152,0.1367410930140698,0.11241343101640655,-0.024327661997663258
10.0,100000,0.5252525252525253,0.13926703293407286,0.11446413296819037,-0.02480289996588249
10.0,100000,0.5353535353535354,0.14179297285407588,0.11651483491997418,-0.025278137934101705
10.0,100000,0.5454545454545455,0.14431891277407893,0.11856553687175804,-0.025753375902320894
10.0,100000,0.5555555555555556,0.14684485269408198,0.12061623882354185,-0.026228613870540138
10.0,100000,0.5656565656565657,0.14937079261408504,0.1226669407753257,-0.02670385183875934
10.0,100000,0.5757575757575758,0.15189673253408809,0.12471764272710952,-0.02717908980697857
10.0,100000,0.5858585858585859,0.1544226724540911,0.12676834467889334,-0.027654327775197773
10.0,100000,0.595959595959596,0.1569486123740942,0.12881904663067717,-0.028129565743417018
10.0,100000,0.6060606060606061,0.1594745522940972,0.130869748582461,-0.028604803711636206
10.0,100000,0.6161616161616162,0.1620004922141003,0.13292045053424484,-0.02908004167985545
10.0,100000,0.6262626262626263,0.1645264321341033,0.13497115248602867,-0.02955527964807464
10.0,100000,0.6363636363636365,0.16705237205410636,0.1370218544378125,-0.030030517616293856
10.0,100000,0.6464646464646465,0.1695783119741094,0.13907255638959634,-0.030505755584513072
10.0,100000,0.6565656565656566,0.17210425189411244,0.14112325834138018,-0.03098099355273226
10.0,100000,0.6666666666666667,0.17463019181411552,0.14317396029316398,-0.03145623152095153
10.0,100000,0.6767676767676768,0.17715613173411854,0.14522466224494782,-0.03193146948917072
10.0,100000,0.686868686868687,0.17968207165412162,0.14727536419673168,-0.03240670745738994
10.0,100000,0.696969696969697,0.18220801157412464,0.1493260661485155,-0.03288194542560913
10.0,100000,0.7070707070707072,0.1847339514941277,0.15137676810029932,-0.03335718339382837
10.0,100000,0.7171717171717172,0.18725989141413074,0.15342747005208315,-0.03383242136204759
10.0,100000,0.7272727272727273,0.18978583133413376,0.155478172003867,-0.034307659330266776
10.0,100000,0.7373737373737375,0.19231177125413684,0.1575288739556508,-0.03478289729848605
10.0,100000,0.7474747474747475,0.19483771117413987,0.15957957590743463,-0.03525813526670524
10.0,100000,0.7575757575757577,0.19736365109414294,0.1616302778592185,-0.035733373234924454
10.0,100000,0.7676767676767677,0.19988959101414597,0.16368097981100233,-0.03620861120314364
10.0,100000,0.7777777777777778,0.202415530934149,0.16573168176278613,-0.03668384917136286
10.0,100000,0.787878787878788,0.20494147085415207,0.16778238371456997,-0.0371590871395821
10.0,100000,0.797979797979798,0.2074674107741551,0.1698330856663538,-0.03763432510780129
10.0,100000,0.8080808080808082,0.20999335069415817,0.17188378761813763,-0.038109563076020536
10.0,100000,0.8181818181818182,0.2125192906141612,0.17393448956992144,-0.03858480104423975
10.0,100000,0.8282828282828284,0.21504523053416427,0.1759851915217053,-0.03906003901245897
10.0,100000,0.8383838383838385,0.21757117045416732,0.17803589347348914,-0.039535276980678186
10.0,100000,0.8484848484848485,0.22009711037417035,0.18008659542527294,-0.0400105149488974
10.0,100000,0.8585858585858587,0.22262305029417342,0.18213729737705678,-0.040485752917116646
10.0,100000,0.8686868686868687,0.22514899021417645,0.1841879993288406,-0.040960990885335835
10.0,100000,0.8787878787878789,0.22767493013417953,0.18623870128062445,-0.04143622885355508
10.0,100000,0.888888888888889,0.23020087005418255,0.18828940323240828,-0.04191146682177427
10.0,100000,0.8989898989898991,0.23272680997418563,0.19034010518419212,-0.04238670478999351
10.0,100000,0.9090909090909092,0.23525274989418865,0.19239080713597595,-0.0428619427582127
10.0,100000,0.9191919191919192,0.2377786898141917,0.19444150908775976,-0.043337180726431945
10.0,100000,0.9292929292929294,0.24030462973419475,0.19649221103954362,-0.043812418694651134
10.0,100000,0.9393939393939394,0.24283056965419778,0.19854291299132742,-0.04428765666287035
10.0,100000,0.9494949494949496,0.24535650957420085,0.20059361494311126,-0.044762894631089595
10.0,100000,0.9595959595959597,0.24788244949420388,0.2026443168948951,-0.045238132599308783
10.0,100000,0.9696969696969697,0.2504083894142069,0.20469501884667893,-0.04571337056752797
10.0,100000,0.9797979797979799,0.25293432933421,0.20674572079846276,-0.046188608535747244
10.0,100000,0.98989898989899,0.255460269254213,0.20879642275024657,-0.04666384650396643
10.0,100000,1.0,0.25798620917421605,0.2108471247020304,-0.04713908447218565
100.0,1000000,0.0,0.007798218607920151,0.007828145742255531,2.9927134335380398e-05
100.0,1000000,0.010101010101010102,0.009920978599222278,0.00955071200559727,-0.00037026659362500783
100.0,1000000,0.020202020202020204,0.012043738590524405,0.011273278268939008,-0.0007704603215853978
100.0,1000000,0.030303030303030304,0.014166498581826531,0.012995844532280747,-0.0011706540495457843
100.0,1000000,0.04040404040404041,0.01628925857312866,0.014718410795622482,-0.0015708477775061777
100.0,1000000,0.05050505050505051,0.01841201856443079,0.016440977058964225,-0.001971041505466564
100.0,1000000,0.06060606060606061,0.020534778555732915,0.01816354332230596,-0.002371235233426954
100.0,1000000,0.07070707070707072,0.022657538547035044,0.0198861095856477,-0.002771428961387344
100.0,1000000,0.08080808080808081,0.02478029853833717,0.021608675848989435,-0.003171622689347734
100.0,1000000,0.09090909090909091,0.026903058529639295,0.023331242112331174,-0.0035718164173081206
100.0,1000000,0.10101010101010102,0.029025818520941424,0.025053808375672913,-0.0039720101452685105
100.0,1000000,0.11111111111111112,0.03114857851224355,0.02677637463901465,-0.0043722038732289005
100.0,1000000,0.12121212121212122,0.033271338503545675,0.028498940902356388,-0.004772397601189287
100.0,1000000,0.13131313131313133,0.03539409849484781,0.030221507165698127,-0.00517259132914968
100.0,1000000,0.14141414141414144,0.03751685848614993,0.03194407342903987,-0.0055727850571100634
100.0,1000000,0.15151515151515152,0.03963961847745205,0.0336666396923816,-0.00597297878507045
100.0,1000000,0.16161616161616163,0.041762378468754184,0.03538920595572334,-0.006373172513030843
100.0,1000000,0.17171717171717174,0.04388513846005632,0.03711177221906508,-0.006773366240991237
100.0,1000000,0.18181818181818182,0.046007898451358435,0.03883433848240681,-0.007173559968951623
100.0,1000000,0.19191919191919193,0.04813065844266057,0.04055690474574856,-0.00757375369691201
100.0,1000000,0.20202020202020204,0.0502534184339627,0.0422794710090903,-0.007973947424872403
100.0,1000000,0.21212121212121213,0.05237617842526482,0.04400203727243203,-0.00837414115283279
100.0,1000000,0.22222222222222224,0.054498938416566944,0.04572460353577377,-0.008774334880793176
100.0,1000000,0.23232323232323235,0.05662169840786908,0.04744716979911551,-0.00917452860875357
100.0,1000000,0.24242424242424243,0.058744458399171195,0.049169736062457246,-0.00957472233671395
100.0,1000000,0.25252525252525254,0.06086721839047333,0.050892302325798985,-0.009974916064674343
100.0,1000000,0.26262626262626265,0.06298997838177546,0.05261486858914072,-0.010375109792634743
100.0,1000000,0.27272727272727276,0.06511273837307759,0.054337434852482464,-0.010775303520595123
100.0,1000000,0.2828282828282829,0.06723549836437973,0.0560600011158242,-0.011175497248555523
100.0,1000000,0.29292929292929293,0.06935825835568184,0.057782567379165935,-0.011575690976515902
100.0,1000000,0.30303030303030304,0.07148101834698396,0.059505133642507674,-0.011975884704476289
100.0,1000000,0.31313131313131315,0.0736037783382861,0.06122769990584941,-0.01237607843243669
100.0,1000000,0.32323232323232326,0.07572653832958821,0.06295026616919115,-0.012776272160397062
100.0,1000000,0.33333333333333337,0.07784929832089035,0.0646728324325329,-0.013176465888357455
100.0,1000000,0.3434343434343435,0.07997205831219248,0.06639539869587463,-0.013576659616317849
100.0,1000000,0.3535353535353536,0.0820948183034946,0.06811796495921636,-0.013976853344278242
100.0,1000000,0.36363636363636365,0.08421757829479673,0.0698405312225581,-0.014377047072238636
100.0,1000000,0.37373737373737376,0.08634033828609886,0.07156309748589984,-0.014777240800199015
100.0,1000000,0.38383838383838387,0.08846309827740098,0.07328566374924159,-0.015177434528159395
100.0,1000000,0.393939393939394,0.0905858582687031,0.07500823001258332,-0.015577628256119788
100.0,1000000,0.4040404040404041,0.09270861826000525,0.07673079627592506,-0.01597782198408018
100.0,1000000,0.4141414141414142,0.09483137825130737,0.07845336253926681,-0.01637801571204056
100.0,1000000,0.42424242424242425,0.0969541382426095,0.08017592880260853,-0.01677820944000097
100.0,1000000,0.43434343434343436,0.09907689823391161,0.08189849506595027,-0.017178403167961334
100.0,1000000,0.4444444444444445,0.10119965822521373,0.083621061329292,-0.017578596895921728
100.0,1000000,0.4545454545454546,0.10332241821651587,0.08534362759263374,-0.017978790623882135
100.0,1000000,0.4646464646464647,0.105445178207818,0.08706619385597548,-0.018378984351842514
100.0,1000000,0.4747474747474748,0.10756793819912014,0.08878876011931723,-0.018779178079802908
100.0,1000000,0.48484848484848486,0.10969069819042225,0.09051132638265896,-0.019179371807763287
100.0,1000000,0.494949494949495,0.11181345818172438,0.0922338926460007,-0.01957956553572368
100.0,1000000,0.5050505050505051,0.1139362181730265,0.09395645890934244,-0.01997975926368406
100.0,1000000,0.5151515151515152,0.11605897816432864,0.09567902517268419,-0.020379952991644454
100.0,1000000,0.5252525252525253,0.11818173815563077,0.0974015914360259,-0.02078014671960486
100.0,1000000,0.5353535353535354,0.12030449814693289,0.09912415769936765,-0.02118034044756524
100.0,1000000,0.5454545454545455,0.12242725813823503,0.1008467239627094,-0.021580534175525634
100.0,1000000,0.5555555555555556,0.12455001812953713,0.10256929022605112,-0.021980727903486014
100.0,1000000,0.5656565656565657,0.1266727781208393,0.10429185648939288,-0.02238092163144642
100.0,1000000,0.5757575757575758,0.12879553811214142,0.10601442275273461,-0.022781115359406814
100.0,1000000,0.5858585858585859,0.13091829810344352,0.10773698901607633,-0.023181309087367194
100.0,1000000,0.595959595959596,0.13304105809474565,0.10945955527941809,-0.02358150281532756
100.0,1000000,0.6060606060606061,0.13516381808604777,0.11118212154275982,-0.023981696543287953
100.0,1000000,0.6161616161616162,0.1372865780773499,0.11290468780610156,-0.024381890271248333
100.0,1000000,0.6262626262626263,0.13940933806865205,0.1146272540694433,-0.024782083999208754
100.0,1000000,0.6363636363636365,0.14153209805995418,0.11634982033278504,-0.025182277727169133
100.0,1000000,0.6464646464646465,0.14365485805125627,0.11807238659612677,-0.0255824714551295
100.0,1000000,0.6565656565656566,0.1457776180425584,0.11979495285946849,-0.025982665183089906
100.0,1000000,0.6666666666666667,0.14790037803386055,0.12151751912281025,-0.0263828589110503
100.0,1000000,0.6767676767676768,0.15002313802516268,0.12324008538615198,-0.026783052639010693
100.0,1000000,0.686868686868687,0.1521458980164648,0.12496265164949373,-0.027183246366971073
100.0,1000000,0.696969696969697,0.15426865800776693,0.12668521791283546,-0.027583440094931466
100.0,1000000,0.7070707070707072,0.15639141799906905,0.1284077841761772,-0.027983633822891846
100.0,1000000,0.7171717171717172,0.15851417799037118,0.13013035043951893,-0.028383827550852253
100.0,1000000,0.7272727272727273,0.1606369379816733,0.13185291670286067,-0.028784021278812633
100.0,1000000,0.7373737373737375,0.16275969797297543,0.13357548296620242,-0.029184215006773012
100.0,1000000,0.7474747474747475,0.16488245796427756,0.13529804922954414,-0.02958440873473342
100.0,1000000,0.7575757575757577,0.1670052179555797,0.1370206154928859,-0.0299846024626938
100.0,1000000,0.7676767676767677,0.1691279779468818,0.13874318175622763,-0.03038479619065418
100.0,1000000,0.7777777777777778,0.17125073793818393,0.14046574801956935,-0.030784989918614586
100.0,1000000,0.787878787878788,0.17337349792948606,0.14218831428291112,-0.031185183646574938
100.0,1000000,0.797979797979798,0.1754962579207882,0.14391088054625284,-0.03158537737453537
100.0,1000000,0.8080808080808082,0.17761901791209034,0.14563344680959459,-0.03198557110249575
100.0,1000000,0.8181818181818182,0.17974177790339246,0.14735601307293633,-0.03238576483045613
100.0,1000000,0.8282828282828284,0.1818645378946946,0.14907857933627808,-0.03278595855841651
100.0,1000000,0.8383838383838385,0.1839872978859967,0.1508011455996198,-0.03318615228637689
100.0,1000000,0.8484848484848485,0.18611005787729884,0.15252371186296154,-0.0335863460143373
100.0,1000000,0.8585858585858587,0.18823281786860097,0.15424627812630326,-0.033986539742297706
100.0,1000000,0.8686868686868687,0.1903555778599031,0.155968844389645,-0.034386733470258085
100.0,1000000,0.8787878787878789,0.19247833785120522,0.15769141065298675,-0.034786927198218465
100.0,1000000,0.888888888888889,0.19460109784250731,0.15941397691632847,-0.035187120926178844
100.0,1000000,0.8989898989898991,0.1967238578338095,0.16113654317967022,-0.03558731465413928
100.0,1000000,0.9090909090909092,0.1988466178251116,0.16285910944301196,-0.03598750838209963
100.0,1000000,0.9191919191919192,0.20096937781641372,0.16458167570635368,-0.03638770211006004
100.0,1000000,0.9292929292929294,0.20309213780771584,0.16630424196969545,-0.03678789583802039
100.0,1000000,0.9393939393939394,0.20521489779901797,0.16802680823303717,-0.0371880895659808
100.0,1000000,0.9494949494949496,0.20733765779032012,0.16974937449637892,-0.037588283293941205
100.0,1000000,0.9595959595959597,0.20946041778162222,0.17147194075972066,-0.03798847702190156
100.0,1000000,0.9696969696969697,0.21158317777292435,0.17319450702306238,-0.038388670749861964
100.0,1000000,0.9797979797979799,0.21370593776422647,0.17491707328640413,-0.038788864477822343
100.0,1000000,0.98989898989899,0.21582869775552863,0.17663963954974587,-0.03918905820578275
100.0,1000000,1.0,0.21795145774683072,0.1783622058130876,-0.03958925193374313
1000.0,10000000,0.0,0.0078110208176101785,0.007811284879296202,2.6406168602329666e-07
1000.0,10000000,0.010101010101010102,0.009640912404923195,0.009296416071920685,-0.0003444963330025107
1000.0,10000000,0.020202020202020204,0.01147080399223621,0.010781547264545168,-0.000689256727691042
1000.0,10000000,0.030303030303030304,0.013300695579549226,0.01226667845716965,-0.0010340171223795751
1000.0,10000000,0.04040404040404041,0.015130587166862242,0.013751809649794134,-0.0013787775170681082
1000.0,10000000,0.05050505050505051,0.016960478754175258,0.015236940842418617,-0.0017235379117566414
1000.0,10000000,0.06060606060606061,0.018790370341488276,0.016722072035043098,-0.002068298306445178
1000.0,10000000,0.07070707070707072,0.02062026192880129,0.018207203227667584,-0.002413058701133706
1000.0,10000000,0.08080808080808081,0.022450153516114305,0.019692334420292067,-0.002757819095822237
1000.0,10000000,0.09090909090909091,0.02428004510342732,0.021177465612916547,-0.003102579490510772
1000.0,10000000,0.10101010101010102,0.02610993669074034,0.02266259680554103,-0.0034473398851993103
1000.0,10000000,0.11111111111111112,0.027939828278053355,0.024147727998165513,-0.0037921002798878417
1000.0,10000000,0.12121212121212122,0.02976971986536637,0.025632859190789996,-0.004136860674576373
1000.0,10000000,0.13131313131313133,0.03159961145267939,0.027117990383414482,-0.0044816210692649044
1000.0,10000000,0.14141414141414144,0.033429503039992405,0.028603121576038962,-0.004826381463953443
1000.0,10000000,0.15151515151515152,0.035259394627305415,0.030088252768663448,-0.005171141858641967
1000.0,10000000,0.16161616161616163,0.03708928621461843,0.03157338396128793,-0.0055159022533305055
1000.0,10000000,0.17171717171717174,0.03891917780193145,0.033058515153912414,-0.005860662648019037
1000.0,10000000,0.18181818181818182,0.04074906938924446,0.034543646346536894,-0.006205423042707568
1000.0,10000000,0.19191919191919193,0.04257896097655748,0.03602877753916138,-0.0065501834373961
1000.0,10000000,0.20202020202020204,0.0444088525638705,0.03751390873178586,-0.006894943832084638
1000.0,10000000,0.21212121212121213,0.04623874415118351,0.03899903992441034,-0.007239704226773169
1000.0,10000000,0.22222222222222224,0.048068635738496526,0.040484171117034826,-0.007584464621461701
1000.0,10000000,0.23232323232323235,0.049898527325809544,0.04196930230965931,-0.007929225016150232
1000.0,10000000,0.24242424242424243,0.05172841891312256,0.04345443350228379,-0.00827398541083877
1000.0,10000000,0.25252525252525254,0.05355831050043557,0.04493956469490827,-0.008618745805527302
1000.0,10000000,0.26262626262626265,0.05538820208774859,0.04642469588753276,-0.008963506200215833
1000.0,10000000,0.27272727272727276,0.05721809367506161,0.047909827080157244,-0.009308266594904364
1000.0,10000000,0.2828282828282829,0.059047985262374626,0.049394958272781724,-0.009653026989592903
1000.0,10000000,0.29292929292929293,0.06087787684968763,0.0508800894654062,-0.009997787384281427
1000.0,10000000,0.30303030303030304,0.06270776843700065,0.05236522065803069,-0.010342547778969965
1000.0,10000000,0.31313131313131315,0.06453766002431367,0.05385035185065517,-0.010687308173658504
1000.0,10000000,0.32323232323232326,0.06636755161162669,0.055335483043279655,-0.011032068568347035
1000.0,10000000,0.33333333333333337,0.0681974431989397,0.056820614235904135,-0.01137682896303556
1000.0,10000000,0.3434343434343435,0.07002733478625273,0.05830574542852862,-0.011721589357724105
1000.0,10000000,0.3535353535353536,0.07185722637356574,0.05979087662115311,-0.012066349752412636
1000.0,10000000,0.36363636363636365,0.07368711796087875,0.06127600781377759,-0.01241111014710116
1000.0,10000000,0.37373737373737376,0.07551700954819177,0.06276113900640207,-0.012755870541789699
1000.0,10000000,0.38383838383838387,0.07734690113550478,0.06424627019902655,-0.01310063093647823
1000.0,10000000,0.393939393939394,0.0791767927228178,0.06573140139165104,-0.013445391331166762
1000.0,10000000,0.4040404040404041,0.08100668431013082,0.06721653258427551,-0.013790151725855307
1000.0,10000000,0.4141414141414142,0.08283657589744384,0.06870166377690001,-0.014134912120543824
1000.0,10000000,0.42424242424242425,0.08466646748475684,0.07018679496952447,-0.01447967251523237
1000.0,10000000,0.43434343434343436,0.08649635907206986,0.07167192616214897,-0.014824432909920887
1000.0,10000000,0.4444444444444445,0.08832625065938288,0.07315705735477346,-0.015169193304609419
1000.0,10000000,0.4545454545454546,0.0901561422466959,0.07464218854739793,-0.015513953699297964
1000.0,10000000,0.4646464646464647,0.0919860338340089,0.07612731974002242,-0.01585871409398648
1000.0,10000000,0.4747474747474748,0.09381592542132192,0.0776124509326469,-0.016203474488675013
1000.0,10000000,0.48484848484848486,0.09564581700863495,0.07909758212527138,-0.01654823488336357
1000.0,10000000,0.494949494949495,0.09747570859594795,0.08058271331789586,-0.01689299527805209
1000.0,10000000,0.5050505050505051,0.09930560018326097,0.08206784451052035,-0.01723775567274062
1000.0,10000000,0.5151515151515152,0.101135491770574,0.08355297570314484,-0.017582516067429166
1000.0,10000000,0.5252525252525253,0.102965383357887,0.08503810689576932,-0.017927276462117683
1000.0,10000000,0.5353535353535354,0.10479527494520001,0.0865232380883938,-0.018272036856806215
1000.0,10000000,0.5454545454545455,0.10662516653251304,0.0880083692810183,-0.018616797251494746
1000.0,10000000,0.5555555555555556,0.10845505811982604,0.08949350047364275,-0.01896155764618329
1000.0,10000000,0.5656565656565657,0.11028494970713908,0.09097863166626725,-0.019306318040871823
1000.0,10000000,0.5757575757575758,0.11211484129445208,0.09246376285889173,-0.019651078435560354
1000.0,10000000,0.5858585858585859,0.11394473288176508,0.09394889405151621,-0.01999583883024887
1000.0,10000000,0.595959595959596,0.11577462446907812,0.0954340252441407,-0.020340599224937417
1000.0,10000000,0.6060606060606061,0.11760451605639112,0.09691915643676519,-0.020685359619625934
1000.0,10000000,0.6161616161616162,0.11943440764370415,0.09840428762938966,-0.021030120014314493
1000.0,10000000,0.6262626262626263,0.12126429923101716,0.09988941882201414,-0.02137488040900301
1000.0,10000000,0.6363636363636365,0.12309419081833017,0.10137455001463863,-0.021719640803691542
1000.0,10000000,0.6464646464646465,0.1249240824056432,0.10285968120726312,-0.022064401198380088
1000.0,10000000,0.6565656565656566,0.1267539739929562,0.10434481239988759,-0.02240916159306862
1000.0,10000000,0.6666666666666667,0.1285838655802692,0.10582994359251208,-0.022753921987757136
1000.0,10000000,0.6767676767676768,0.13041375716758224,0.10731507478513655,-0.023098682382445695
1000.0,10000000,0.686868686868687,0.13224364875489525,0.10880020597776105,-0.0234434427771342
1000.0,10000000,0.696969696969697,0.13407354034220828,0.11028533717038552,-0.023788203171822758
1000.0,10000000,0.7070707070707072,0.13590343192952128,0.11177046836301002,-0.024132963566511262
1000.0,10000000,0.7171717171717172,0.13773332351683432,0.1132555995556345,-0.02447772396119982
1000.0,10000000,0.7272727272727273,0.13956321510414732,0.11474073074825897,-0.024822484355888352
1000.0,10000000,0.7373737373737375,0.14139310669146032,0.11622586194088345,-0.02516724475057687
1000.0,10000000,0.7474747474747475,0.14322299827877336,0.11771099313350794,-0.025512005145265415
1000.0,10000000,0.7575757575757577,0.14505288986608636,0.11919612432613243,-0.025856765539953933
1000.0,10000000,0.7676767676767677,0.1468827814533994,0.12068125551875691,-0.026201525934642478
1000.0,10000000,0.7777777777777778,0.1487126730407124,0.12216638671138139,-0.02654628632933101
1000.0,10000000,0.787878787878788,0.15054256462802543,0.12365151790400587,-0.026891046724019554
1000.0,10000000,0.797979797979798,0.1523724562153384,0.12513664909663036,-0.027235807118708044
1000.0,10000000,0.8080808080808082,0.15420234780265146,0.12662178028925483,-0.02758056751339663
1000.0,10000000,0.8181818181818182,0.15603223938996444,0.1281069114818793,-0.027925327908085135
1000.0,10000000,0.8282828282828284,0.1578621309772775,0.12959204267450383,-0.028270088302773666
1000.0,10000000,0.8383838383838385,0.15969202256459047,0.1310771738671283,-0.02861484869746217
1000.0,10000000,0.8484848484848485,0.1615219141519035,0.13256230505975275,-0.028959609092150757
1000.0,10000000,0.8585858585858587,0.1633518057392165,0.13404743625237725,-0.02930436948683926
1000.0,10000000,0.8686868686868687,0.16518169732652954,0.13553256744500175,-0.02964912988152779
1000.0,10000000,0.8787878787878789,0.16701158891384257,0.13701769863762622,-0.02999389027621635
1000.0,10000000,0.888888888888889,0.16884148050115558,0.1385028298302507,-0.030338650670904882
1000.0,10000000,0.8989898989898991,0.1706713720884686,0.1399879610228752,-0.030683411065593413
1000.0,10000000,0.9090909090909092,0.1725012636757816,0.14147309221549967,-0.031028171460281945
1000.0,10000000,0.9191919191919192,0.17433115526309462,0.14295822340812414,-0.031372931854970476
1000.0,10000000,0.9292929292929294,0.17616104685040762,0.14444335460074864,-0.03171769224965898
1000.0,10000000,0.9393939393939394,0.17799093843772065,0.1459284857933731,-0.03206245264434754
1000.0,10000000,0.9494949494949496,0.17982083002503366,0.14741361698599761,-0.03240721303903604
1000.0,10000000,0.9595959595959597,0.1816507216123467,0.1488987481786221,-0.0327519734337246
1000.0,10000000,0.9696969696969697,0.1834806131996597,0.15038387937124656,-0.03309673382841313
1000.0,10000000,0.9797979797979799,0.18531050478697272,0.15186901056387103,-0.03344149422310169
1000.0,10000000,0.98989898989899,0.1871403963742857,0.15335414175649553,-0.03378625461779017
1000.0,10000000,1.0,0.18897028796159873,0.15483927294912,-0.03413101501247873
