model,case_id,level,context_length,depth_name,depth_ratio,near_gap_tokens,repeat,passkey_true,passkey_false,true_key_token_len,false_key_token_len,true_loss,false_loss,margin_false_minus_true,hit
Sigmoid,L1_256_near20,L1,256,near20,,20.0,0,94308,42999,5,5,2.28125,2.421875,0.140625,1
Sigmoid,L1_256_near20,L1,256,near20,,20.0,1,40798,68262,5,5,2.5,2.65625,0.15625,1
Sigmoid,L1_256_near20,L1,256,near20,,20.0,2,88023,32551,5,5,2.484375,2.421875,-0.0625,0
Sigmoid,L1_256_near20,L1,256,near20,,20.0,3,54576,52307,5,5,2.3125,2.28125,-0.03125,0
Sigmoid,L1_256_near20,L1,256,near20,,20.0,4,92789,36939,5,5,2.421875,2.546875,0.125,1
Sigmoid,L1_256_near20,L1,256,near20,,20.0,5,59974,93733,5,5,2.5,2.453125,-0.046875,0
Sigmoid,L1_256_near20,L1,256,near20,,20.0,6,76657,15930,5,5,2.65625,2.25,-0.40625,0
Sigmoid,L1_256_near20,L1,256,near20,,20.0,7,23276,98016,5,5,2.4375,2.421875,-0.015625,0
Sigmoid,L1_256_near20,L1,256,near20,,20.0,8,61085,14506,5,5,2.4375,2.1875,-0.25,0
Sigmoid,L1_256_near20,L1,256,near20,,20.0,9,59495,36463,5,5,2.3125,2.5625,0.25,1
Sigmoid,L1_256_near20,L1,256,near20,,20.0,10,58742,97970,5,5,2.46875,2.484375,0.015625,1
Sigmoid,L1_256_near20,L1,256,near20,,20.0,11,51111,21400,5,5,2.328125,2.25,-0.078125,0
Sigmoid,L1_256_near20,L1,256,near20,,20.0,12,57064,74563,5,5,2.203125,2.4375,0.234375,1
Sigmoid,L1_256_near20,L1,256,near20,,20.0,13,85964,86281,5,5,2.625,2.546875,-0.078125,0
Sigmoid,L1_256_near20,L1,256,near20,,20.0,14,82276,78479,5,5,2.53125,2.515625,-0.015625,0
Sigmoid,L1_256_near20,L1,256,near20,,20.0,15,18769,74161,5,5,2.3125,2.375,0.0625,1
Sigmoid,L1_256_near20,L1,256,near20,,20.0,16,91496,93707,5,5,2.375,2.390625,0.015625,1
Sigmoid,L1_256_near20,L1,256,near20,,20.0,17,27704,88879,5,5,2.328125,2.703125,0.375,1
Sigmoid,L1_256_near20,L1,256,near20,,20.0,18,95869,13680,5,5,2.421875,2.21875,-0.203125,0
Sigmoid,L1_256_near20,L1,256,near20,,20.0,19,11353,41832,5,5,2.21875,2.421875,0.203125,1
Sigmoid,L2_4096_hard,L2,4096,hard,0.1,,0,18298,45231,5,5,2.703125,2.875,0.171875,1
Sigmoid,L2_4096_hard,L2,4096,hard,0.1,,1,39270,54943,5,5,2.96875,2.734375,-0.234375,0
Sigmoid,L2_4096_hard,L2,4096,hard,0.1,,2,27703,51122,5,5,2.8125,2.625,-0.1875,0
Sigmoid,L2_4096_hard,L2,4096,hard,0.1,,3,25032,69271,5,5,2.734375,2.984375,0.25,1
Sigmoid,L2_4096_hard,L2,4096,hard,0.1,,4,28730,91814,5,5,2.921875,2.765625,-0.15625,0
Sigmoid,L2_4096_hard,L2,4096,hard,0.1,,5,11240,39391,5,5,2.734375,2.796875,0.0625,1
Sigmoid,L2_4096_hard,L2,4096,hard,0.1,,6,46298,12082,5,5,2.921875,2.71875,-0.203125,0
Sigmoid,L2_4096_hard,L2,4096,hard,0.1,,7,18829,95977,5,5,2.671875,2.953125,0.28125,1
Sigmoid,L2_4096_hard,L2,4096,hard,0.1,,8,81999,56733,5,5,2.71875,2.9375,0.21875,1
Sigmoid,L2_4096_hard,L2,4096,hard,0.1,,9,68717,77217,5,5,3.046875,2.828125,-0.21875,0
Sigmoid,L2_4096_hard,L2,4096,hard,0.1,,10,43457,54591,5,5,2.875,2.578125,-0.296875,0
Sigmoid,L2_4096_hard,L2,4096,hard,0.1,,11,97540,81792,5,5,2.921875,2.875,-0.046875,0
Sigmoid,L2_4096_hard,L2,4096,hard,0.1,,12,93808,58219,5,5,2.6875,2.78125,0.09375,1
Sigmoid,L2_4096_hard,L2,4096,hard,0.1,,13,70087,81818,5,5,2.796875,2.734375,-0.0625,0
Sigmoid,L2_4096_hard,L2,4096,hard,0.1,,14,20096,99854,5,5,2.765625,2.734375,-0.03125,0
Sigmoid,L2_4096_hard,L2,4096,hard,0.1,,15,10802,19948,5,5,2.640625,2.671875,0.03125,1
Sigmoid,L2_4096_hard,L2,4096,hard,0.1,,16,33296,70073,5,5,2.8125,2.953125,0.140625,1
Sigmoid,L2_4096_hard,L2,4096,hard,0.1,,17,14167,68115,5,5,2.71875,2.953125,0.234375,1
Sigmoid,L2_4096_hard,L2,4096,hard,0.1,,18,40295,58790,5,5,2.875,2.828125,-0.046875,0
Sigmoid,L2_4096_hard,L2,4096,hard,0.1,,19,59884,75313,5,5,2.59375,2.875,0.28125,1
Sigmoid,L2_4096_medium,L2,4096,medium,0.5,,0,28388,65926,5,5,2.65625,2.90625,0.25,1
Sigmoid,L2_4096_medium,L2,4096,medium,0.5,,1,39067,79864,5,5,2.859375,2.765625,-0.09375,0
Sigmoid,L2_4096_medium,L2,4096,medium,0.5,,2,12113,53082,5,5,2.609375,2.703125,0.09375,1
Sigmoid,L2_4096_medium,L2,4096,medium,0.5,,3,73539,10025,5,5,2.78125,2.5625,-0.21875,0
Sigmoid,L2_4096_medium,L2,4096,medium,0.5,,4,44103,86597,5,5,2.921875,2.796875,-0.125,0
Sigmoid,L2_4096_medium,L2,4096,medium,0.5,,5,21074,78692,5,5,2.78125,2.859375,0.078125,1
Sigmoid,L2_4096_medium,L2,4096,medium,0.5,,6,28281,91613,5,5,2.703125,2.765625,0.0625,1
Sigmoid,L2_4096_medium,L2,4096,medium,0.5,,7,52419,91489,5,5,2.71875,2.6875,-0.03125,0
Sigmoid,L2_4096_medium,L2,4096,medium,0.5,,8,36100,19541,5,5,2.96875,2.578125,-0.390625,0
Sigmoid,L2_4096_medium,L2,4096,medium,0.5,,9,43311,16430,5,5,2.84375,2.6875,-0.15625,0
Sigmoid,L2_4096_medium,L2,4096,medium,0.5,,10,41138,40616,5,5,2.921875,2.953125,0.03125,1
Sigmoid,L2_4096_medium,L2,4096,medium,0.5,,11,70270,94478,5,5,2.9375,2.828125,-0.109375,0
Sigmoid,L2_4096_medium,L2,4096,medium,0.5,,12,15277,92269,5,5,2.65625,2.75,0.09375,1
Sigmoid,L2_4096_medium,L2,4096,medium,0.5,,13,51820,95515,5,5,2.6875,2.6875,0.0,0
Sigmoid,L2_4096_medium,L2,4096,medium,0.5,,14,56090,86805,5,5,2.78125,2.703125,-0.078125,0
Sigmoid,L2_4096_medium,L2,4096,medium,0.5,,15,79121,70460,5,5,2.71875,2.90625,0.1875,1
Sigmoid,L2_4096_medium,L2,4096,medium,0.5,,16,38696,34540,5,5,2.9375,2.890625,-0.046875,0
Sigmoid,L2_4096_medium,L2,4096,medium,0.5,,17,54588,14608,5,5,2.5625,2.59375,0.03125,1
Sigmoid,L2_4096_medium,L2,4096,medium,0.5,,18,60838,25817,5,5,2.890625,2.625,-0.265625,0
Sigmoid,L2_4096_medium,L2,4096,medium,0.5,,19,45754,52852,5,5,2.96875,2.65625,-0.3125,0
Sigmoid,L2_4096_easy,L2,4096,easy,0.9,,0,78676,93628,5,5,3.0625,2.828125,-0.234375,0
Sigmoid,L2_4096_easy,L2,4096,easy,0.9,,1,94164,89531,5,5,2.796875,2.859375,0.0625,1
Sigmoid,L2_4096_easy,L2,4096,easy,0.9,,2,33621,16793,5,5,2.859375,2.765625,-0.09375,0
Sigmoid,L2_4096_easy,L2,4096,easy,0.9,,3,85286,99357,5,5,2.796875,2.828125,0.03125,1
Sigmoid,L2_4096_easy,L2,4096,easy,0.9,,4,49128,93946,5,5,2.90625,2.875,-0.03125,0
Sigmoid,L2_4096_easy,L2,4096,easy,0.9,,5,25293,42245,5,5,2.765625,2.96875,0.203125,1
Sigmoid,L2_4096_easy,L2,4096,easy,0.9,,6,45407,64778,5,5,3.0,3.078125,0.078125,1
Sigmoid,L2_4096_easy,L2,4096,easy,0.9,,7,95953,88806,5,5,2.890625,2.8125,-0.078125,0
Sigmoid,L2_4096_easy,L2,4096,easy,0.9,,8,54593,28090,5,5,2.671875,2.78125,0.109375,1
Sigmoid,L2_4096_easy,L2,4096,easy,0.9,,9,44896,47628,5,5,2.890625,2.984375,0.09375,1
Sigmoid,L2_4096_easy,L2,4096,easy,0.9,,10,92707,23851,5,5,2.953125,2.671875,-0.28125,0
Sigmoid,L2_4096_easy,L2,4096,easy,0.9,,11,55242,76572,5,5,2.8125,2.96875,0.15625,1
Sigmoid,L2_4096_easy,L2,4096,easy,0.9,,12,81206,13503,5,5,2.828125,2.625,-0.203125,0
Sigmoid,L2_4096_easy,L2,4096,easy,0.9,,13,86854,47313,5,5,2.828125,3.015625,0.1875,1
Sigmoid,L2_4096_easy,L2,4096,easy,0.9,,14,15461,97908,5,5,2.625,2.78125,0.15625,1
Sigmoid,L2_4096_easy,L2,4096,easy,0.9,,15,84713,85644,5,5,2.921875,2.953125,0.03125,1
Sigmoid,L2_4096_easy,L2,4096,easy,0.9,,16,44748,56040,5,5,3.046875,2.90625,-0.140625,0
Sigmoid,L2_4096_easy,L2,4096,easy,0.9,,17,39308,61214,5,5,2.859375,2.859375,0.0,0
Sigmoid,L2_4096_easy,L2,4096,easy,0.9,,18,37416,89415,5,5,2.859375,2.765625,-0.09375,0
Sigmoid,L2_4096_easy,L2,4096,easy,0.9,,19,55043,42665,5,5,2.859375,3.03125,0.171875,1
Sigmoid,L2_8192_hard,L2,8192,hard,0.1,,0,42731,39621,5,5,4.5,4.125,-0.375,0
Sigmoid,L2_8192_hard,L2,8192,hard,0.1,,1,46079,59495,5,5,4.65625,4.6875,0.03125,1
Sigmoid,L2_8192_hard,L2,8192,hard,0.1,,2,78937,60204,5,5,4.125,4.34375,0.21875,1
Sigmoid,L2_8192_hard,L2,8192,hard,0.1,,3,41950,18107,5,5,4.4375,3.84375,-0.59375,0
Sigmoid,L2_8192_hard,L2,8192,hard,0.1,,4,35294,61362,5,5,4.09375,4.25,0.15625,1
Sigmoid,L2_8192_hard,L2,8192,hard,0.1,,5,90216,13372,5,5,4.03125,3.84375,-0.1875,0
Sigmoid,L2_8192_hard,L2,8192,hard,0.1,,6,74691,49181,5,5,3.984375,4.46875,0.484375,1
Sigmoid,L2_8192_hard,L2,8192,hard,0.1,,7,99924,47315,5,5,4.15625,4.28125,0.125,1
Sigmoid,L2_8192_hard,L2,8192,hard,0.1,,8,95395,55467,5,5,4.15625,4.75,0.59375,1
Sigmoid,L2_8192_hard,L2,8192,hard,0.1,,9,73747,30154,5,5,4.25,3.984375,-0.265625,0
Sigmoid,L2_8192_hard,L2,8192,hard,0.1,,10,12184,50646,5,5,3.703125,4.71875,1.015625,1
Sigmoid,L2_8192_hard,L2,8192,hard,0.1,,11,28598,41354,5,5,3.6875,4.28125,0.59375,1
Sigmoid,L2_8192_hard,L2,8192,hard,0.1,,12,10159,99000,5,5,3.765625,4.40625,0.640625,1
Sigmoid,L2_8192_hard,L2,8192,hard,0.1,,13,36114,30258,5,5,4.28125,4.0,-0.28125,0
Sigmoid,L2_8192_hard,L2,8192,hard,0.1,,14,23818,96231,5,5,3.734375,4.40625,0.671875,1
Sigmoid,L2_8192_hard,L2,8192,hard,0.1,,15,32832,47774,5,5,4.03125,4.46875,0.4375,1
Sigmoid,L2_8192_hard,L2,8192,hard,0.1,,16,68516,57395,5,5,4.375,4.53125,0.15625,1
Sigmoid,L2_8192_hard,L2,8192,hard,0.1,,17,98693,91748,5,5,4.1875,4.21875,0.03125,1
Sigmoid,L2_8192_hard,L2,8192,hard,0.1,,18,33057,55465,5,5,4.0625,4.71875,0.65625,1
Sigmoid,L2_8192_hard,L2,8192,hard,0.1,,19,91874,56003,5,5,4.0,4.9375,0.9375,1
Sigmoid,L2_8192_medium,L2,8192,medium,0.5,,0,43760,87721,5,5,4.0,3.921875,-0.078125,0
Sigmoid,L2_8192_medium,L2,8192,medium,0.5,,1,49746,58736,5,5,4.0,3.90625,-0.09375,0
Sigmoid,L2_8192_medium,L2,8192,medium,0.5,,2,78339,98134,5,5,3.703125,3.859375,0.15625,1
Sigmoid,L2_8192_medium,L2,8192,medium,0.5,,3,90587,17515,5,5,3.875,3.4375,-0.4375,0
Sigmoid,L2_8192_medium,L2,8192,medium,0.5,,4,48865,90396,5,5,3.625,3.796875,0.171875,1
Sigmoid,L2_8192_medium,L2,8192,medium,0.5,,5,42890,37086,5,5,3.671875,3.671875,0.0,0
Sigmoid,L2_8192_medium,L2,8192,medium,0.5,,6,49089,34191,5,5,3.625,3.65625,0.03125,1
Sigmoid,L2_8192_medium,L2,8192,medium,0.5,,7,90581,43460,5,5,3.875,3.921875,0.046875,1
Sigmoid,L2_8192_medium,L2,8192,medium,0.5,,8,57498,30325,5,5,3.609375,3.6875,0.078125,1
Sigmoid,L2_8192_medium,L2,8192,medium,0.5,,9,41090,81467,5,5,3.796875,4.0,0.203125,1
Sigmoid,L2_8192_medium,L2,8192,medium,0.5,,10,58594,98273,5,5,3.828125,4.0,0.171875,1
Sigmoid,L2_8192_medium,L2,8192,medium,0.5,,11,21842,62787,5,5,3.515625,3.984375,0.46875,1
Sigmoid,L2_8192_medium,L2,8192,medium,0.5,,12,92425,10224,5,5,3.765625,3.515625,-0.25,0
Sigmoid,L2_8192_medium,L2,8192,medium,0.5,,13,75440,46273,5,5,3.96875,4.0,0.03125,1
Sigmoid,L2_8192_medium,L2,8192,medium,0.5,,14,39698,30100,5,5,3.890625,4.03125,0.140625,1
Sigmoid,L2_8192_medium,L2,8192,medium,0.5,,15,17842,27636,5,5,3.484375,3.71875,0.234375,1
Sigmoid,L2_8192_medium,L2,8192,medium,0.5,,16,46651,88607,5,5,3.90625,4.25,0.34375,1
Sigmoid,L2_8192_medium,L2,8192,medium,0.5,,17,37298,51746,5,5,3.734375,3.90625,0.171875,1
Sigmoid,L2_8192_medium,L2,8192,medium,0.5,,18,30011,79119,5,5,3.734375,3.640625,-0.09375,0
Sigmoid,L2_8192_medium,L2,8192,medium,0.5,,19,23198,57896,5,5,3.484375,3.5,0.015625,1
Sigmoid,L2_8192_easy,L2,8192,easy,0.9,,0,94138,85780,5,5,3.796875,4.09375,0.296875,1
Sigmoid,L2_8192_easy,L2,8192,easy,0.9,,1,31431,84056,5,5,3.8125,3.734375,-0.078125,0
Sigmoid,L2_8192_easy,L2,8192,easy,0.9,,2,56826,77944,5,5,3.984375,3.75,-0.234375,0
Sigmoid,L2_8192_easy,L2,8192,easy,0.9,,3,20588,98964,5,5,3.5625,4.03125,0.46875,1
Sigmoid,L2_8192_easy,L2,8192,easy,0.9,,4,68144,26914,5,5,4.09375,3.609375,-0.484375,0
Sigmoid,L2_8192_easy,L2,8192,easy,0.9,,5,14325,99870,5,5,3.4375,4.0,0.5625,1
Sigmoid,L2_8192_easy,L2,8192,easy,0.9,,6,52550,73750,5,5,3.984375,3.859375,-0.125,0
Sigmoid,L2_8192_easy,L2,8192,easy,0.9,,7,97823,20456,5,5,3.6875,3.6875,0.0,0
Sigmoid,L2_8192_easy,L2,8192,easy,0.9,,8,52039,98732,5,5,3.984375,4.0625,0.078125,1
Sigmoid,L2_8192_easy,L2,8192,easy,0.9,,9,33405,54344,5,5,3.859375,3.921875,0.0625,1
Sigmoid,L2_8192_easy,L2,8192,easy,0.9,,10,20942,83020,5,5,3.734375,3.796875,0.0625,1
Sigmoid,L2_8192_easy,L2,8192,easy,0.9,,11,29594,23156,5,5,3.515625,3.546875,0.03125,1
Sigmoid,L2_8192_easy,L2,8192,easy,0.9,,12,74380,26832,5,5,3.59375,3.59375,0.0,0
Sigmoid,L2_8192_easy,L2,8192,easy,0.9,,13,27075,75694,5,5,3.625,3.78125,0.15625,1
Sigmoid,L2_8192_easy,L2,8192,easy,0.9,,14,59551,33112,5,5,4.0,3.6875,-0.3125,0
Sigmoid,L2_8192_easy,L2,8192,easy,0.9,,15,32945,33366,5,5,3.84375,3.8125,-0.03125,0
Sigmoid,L2_8192_easy,L2,8192,easy,0.9,,16,49591,65629,5,5,3.796875,4.09375,0.296875,1
Sigmoid,L2_8192_easy,L2,8192,easy,0.9,,17,56504,52142,5,5,4.28125,4.0,-0.28125,0
Sigmoid,L2_8192_easy,L2,8192,easy,0.9,,18,40037,94161,5,5,3.875,3.78125,-0.09375,0
Sigmoid,L2_8192_easy,L2,8192,easy,0.9,,19,46596,26361,5,5,3.9375,3.640625,-0.296875,0
Sigmoid,L3_12000_hard,L3,12000,hard,0.1,,0,17539,43604,5,5,4.40625,6.1875,1.78125,1
Sigmoid,L3_12000_hard,L3,12000,hard,0.1,,1,13823,31470,5,5,4.1875,4.75,0.5625,1
Sigmoid,L3_12000_hard,L3,12000,hard,0.1,,2,78797,88583,5,5,5.59375,4.84375,-0.75,0
Sigmoid,L3_12000_hard,L3,12000,hard,0.1,,3,39921,81493,5,5,4.96875,4.6875,-0.28125,0
Sigmoid,L3_12000_hard,L3,12000,hard,0.1,,4,43468,31112,5,5,5.90625,3.578125,-2.328125,0
Sigmoid,L3_12000_hard,L3,12000,hard,0.1,,5,35692,20866,5,5,5.0625,4.4375,-0.625,0
Sigmoid,L3_12000_hard,L3,12000,hard,0.1,,6,37757,73812,5,5,4.96875,5.15625,0.1875,1
Sigmoid,L3_12000_hard,L3,12000,hard,0.1,,7,23510,37008,5,5,4.6875,4.28125,-0.40625,0
Sigmoid,L3_12000_hard,L3,12000,hard,0.1,,8,23808,55175,5,5,4.1875,5.03125,0.84375,1
Sigmoid,L3_12000_hard,L3,12000,hard,0.1,,9,32381,73540,5,5,4.21875,5.46875,1.25,1
Sigmoid,L3_12000_hard,L3,12000,hard,0.1,,10,24725,89967,5,5,4.75,5.28125,0.53125,1
Sigmoid,L3_12000_hard,L3,12000,hard,0.1,,11,35499,57902,5,5,4.8125,5.96875,1.15625,1
Sigmoid,L3_12000_hard,L3,12000,hard,0.1,,12,15079,17534,5,5,3.875,4.46875,0.59375,1
Sigmoid,L3_12000_hard,L3,12000,hard,0.1,,13,59954,91288,5,5,6.21875,4.5,-1.71875,0
Sigmoid,L3_12000_hard,L3,12000,hard,0.1,,14,72901,68572,5,5,5.375,5.78125,0.40625,1
Sigmoid,L3_12000_hard,L3,12000,hard,0.1,,15,74533,42798,5,5,5.375,5.8125,0.4375,1
Sigmoid,L3_12000_hard,L3,12000,hard,0.1,,16,44460,70973,5,5,6.09375,5.59375,-0.5,0
Sigmoid,L3_12000_hard,L3,12000,hard,0.1,,17,52236,95014,5,5,5.0,5.15625,0.15625,1
Sigmoid,L3_12000_hard,L3,12000,hard,0.1,,18,71983,28937,5,5,5.09375,4.75,-0.34375,0
Sigmoid,L3_12000_hard,L3,12000,hard,0.1,,19,49564,74265,5,5,6.25,4.6875,-1.5625,0
Sigmoid,L3_12000_easy,L3,12000,easy,0.9,,0,75154,65422,5,5,3.15625,3.328125,0.171875,1
Sigmoid,L3_12000_easy,L3,12000,easy,0.9,,1,78250,68875,5,5,3.40625,3.390625,-0.015625,0
Sigmoid,L3_12000_easy,L3,12000,easy,0.9,,2,91214,12204,5,5,3.09375,3.125,0.03125,1
Sigmoid,L3_12000_easy,L3,12000,easy,0.9,,3,80000,10701,5,5,3.890625,3.5,-0.390625,0
Sigmoid,L3_12000_easy,L3,12000,easy,0.9,,4,71915,41252,5,5,3.203125,3.171875,-0.03125,0
Sigmoid,L3_12000_easy,L3,12000,easy,0.9,,5,49229,73361,5,5,3.25,3.390625,0.140625,1
Sigmoid,L3_12000_easy,L3,12000,easy,0.9,,6,14255,24386,5,5,3.125,3.140625,0.015625,1
Sigmoid,L3_12000_easy,L3,12000,easy,0.9,,7,71485,95936,5,5,3.203125,3.765625,0.5625,1
Sigmoid,L3_12000_easy,L3,12000,easy,0.9,,8,26291,43221,5,5,3.109375,3.25,0.140625,1
Sigmoid,L3_12000_easy,L3,12000,easy,0.9,,9,22277,88838,5,5,3.0,3.265625,0.265625,1
Sigmoid,L3_12000_easy,L3,12000,easy,0.9,,10,65708,86689,5,5,3.828125,3.546875,-0.28125,0
Sigmoid,L3_12000_easy,L3,12000,easy,0.9,,11,94024,50762,5,5,3.53125,3.671875,0.140625,1
Sigmoid,L3_12000_easy,L3,12000,easy,0.9,,12,47002,57241,5,5,3.828125,3.125,-0.703125,0
Sigmoid,L3_12000_easy,L3,12000,easy,0.9,,13,87313,89773,5,5,3.3125,3.59375,0.28125,1
Sigmoid,L3_12000_easy,L3,12000,easy,0.9,,14,51262,41723,5,5,2.96875,3.421875,0.453125,1
Sigmoid,L3_12000_easy,L3,12000,easy,0.9,,15,13337,89347,5,5,3.078125,3.421875,0.34375,1
Sigmoid,L3_12000_easy,L3,12000,easy,0.9,,16,89223,71073,5,5,3.125,3.546875,0.421875,1
Sigmoid,L3_12000_easy,L3,12000,easy,0.9,,17,58265,88540,5,5,3.09375,3.5625,0.46875,1
Sigmoid,L3_12000_easy,L3,12000,easy,0.9,,18,49402,96248,5,5,3.75,3.53125,-0.21875,0
Sigmoid,L3_12000_easy,L3,12000,easy,0.9,,19,24066,29287,5,5,3.46875,2.9375,-0.53125,0
Standard,L1_256_near20,L1,256,near20,,20.0,0,50331,17998,5,5,8.3125,8.25,-0.0625,0
Standard,L1_256_near20,L1,256,near20,,20.0,1,19588,50729,5,5,7.21875,8.3125,1.09375,1
Standard,L1_256_near20,L1,256,near20,,20.0,2,61259,71409,5,5,7.34375,7.5625,0.21875,1
Standard,L1_256_near20,L1,256,near20,,20.0,3,26948,88267,5,5,8.375,7.25,-1.125,0
Standard,L1_256_near20,L1,256,near20,,20.0,4,84077,87881,5,5,7.90625,7.3125,-0.59375,0
Standard,L1_256_near20,L1,256,near20,,20.0,5,35746,37477,5,5,8.0625,9.1875,1.125,1
Standard,L1_256_near20,L1,256,near20,,20.0,6,67405,66675,5,5,7.90625,8.5,0.59375,1
Standard,L1_256_near20,L1,256,near20,,20.0,7,58340,99230,5,5,7.34375,7.03125,-0.3125,0
Standard,L1_256_near20,L1,256,near20,,20.0,8,48749,86049,5,5,7.96875,7.5,-0.46875,0
Standard,L1_256_near20,L1,256,near20,,20.0,9,54107,21790,5,5,8.0625,7.8125,-0.25,0
Standard,L1_256_near20,L1,256,near20,,20.0,10,64975,71351,5,5,8.4375,7.03125,-1.40625,0
Standard,L1_256_near20,L1,256,near20,,20.0,11,17028,75963,5,5,7.5,7.59375,0.09375,1
Standard,L1_256_near20,L1,256,near20,,20.0,12,42307,88374,5,5,7.9375,7.3125,-0.625,0
Standard,L1_256_near20,L1,256,near20,,20.0,13,33730,31651,5,5,9.25,8.0,-1.25,0
Standard,L1_256_near20,L1,256,near20,,20.0,14,16295,95359,5,5,8.125,6.40625,-1.71875,0
Standard,L1_256_near20,L1,256,near20,,20.0,15,57530,63271,5,5,7.4375,8.5625,1.125,1
Standard,L1_256_near20,L1,256,near20,,20.0,16,89903,68497,5,5,6.96875,7.96875,1.0,1
Standard,L1_256_near20,L1,256,near20,,20.0,17,12541,44171,5,5,7.34375,8.5625,1.21875,1
Standard,L1_256_near20,L1,256,near20,,20.0,18,20351,13068,5,5,8.1875,8.625,0.4375,1
Standard,L1_256_near20,L1,256,near20,,20.0,19,45980,17651,5,5,7.15625,7.875,0.71875,1
Standard,L2_4096_hard,L2,4096,hard,0.1,,0,96862,68611,5,5,7.8125,7.46875,-0.34375,0
Standard,L2_4096_hard,L2,4096,hard,0.1,,1,98775,90935,5,5,7.1875,7.03125,-0.15625,0
Standard,L2_4096_hard,L2,4096,hard,0.1,,2,76893,37278,5,5,7.53125,8.5,0.96875,1
Standard,L2_4096_hard,L2,4096,hard,0.1,,3,70806,77216,5,5,7.0625,7.0,-0.0625,0
Standard,L2_4096_hard,L2,4096,hard,0.1,,4,65488,17854,5,5,6.8125,8.3125,1.5,1
Standard,L2_4096_hard,L2,4096,hard,0.1,,5,50768,93782,5,5,6.96875,7.71875,0.75,1
Standard,L2_4096_hard,L2,4096,hard,0.1,,6,30017,48507,5,5,8.125,7.3125,-0.8125,0
Standard,L2_4096_hard,L2,4096,hard,0.1,,7,15612,12212,5,5,7.59375,9.125,1.53125,1
Standard,L2_4096_hard,L2,4096,hard,0.1,,8,38229,52076,5,5,8.25,8.1875,-0.0625,0
Standard,L2_4096_hard,L2,4096,hard,0.1,,9,53295,49671,5,5,7.8125,7.8125,0.0,0
Standard,L2_4096_hard,L2,4096,hard,0.1,,10,54433,27309,5,5,6.625,8.4375,1.8125,1
Standard,L2_4096_hard,L2,4096,hard,0.1,,11,32336,67922,5,5,8.875,7.75,-1.125,0
Standard,L2_4096_hard,L2,4096,hard,0.1,,12,95204,94207,5,5,6.96875,7.34375,0.375,1
Standard,L2_4096_hard,L2,4096,hard,0.1,,13,52280,93331,5,5,7.96875,7.40625,-0.5625,0
Standard,L2_4096_hard,L2,4096,hard,0.1,,14,58133,71455,5,5,7.125,6.65625,-0.46875,0
Standard,L2_4096_hard,L2,4096,hard,0.1,,15,82186,11292,5,5,8.375,8.875,0.5,1
Standard,L2_4096_hard,L2,4096,hard,0.1,,16,85238,14540,5,5,6.8125,8.1875,1.375,1
Standard,L2_4096_hard,L2,4096,hard,0.1,,17,45799,90855,5,5,6.9375,6.75,-0.1875,0
Standard,L2_4096_hard,L2,4096,hard,0.1,,18,35411,47394,5,5,6.75,8.0,1.25,1
Standard,L2_4096_hard,L2,4096,hard,0.1,,19,97509,40351,5,5,6.75,7.25,0.5,1
Standard,L2_4096_medium,L2,4096,medium,0.5,,0,79211,53201,5,5,6.8125,7.71875,0.90625,1
Standard,L2_4096_medium,L2,4096,medium,0.5,,1,11976,43224,5,5,8.75,8.125,-0.625,0
Standard,L2_4096_medium,L2,4096,medium,0.5,,2,38678,22185,5,5,8.4375,8.875,0.4375,1
Standard,L2_4096_medium,L2,4096,medium,0.5,,3,23996,26482,5,5,9.1875,9.1875,0.0,0
Standard,L2_4096_medium,L2,4096,medium,0.5,,4,40979,29587,5,5,7.8125,8.0,0.1875,1
Standard,L2_4096_medium,L2,4096,medium,0.5,,5,65251,79422,5,5,6.5625,6.84375,0.28125,1
Standard,L2_4096_medium,L2,4096,medium,0.5,,6,13223,64878,5,5,8.75,7.34375,-1.40625,0
Standard,L2_4096_medium,L2,4096,medium,0.5,,7,66789,57273,5,5,8.25,7.65625,-0.59375,0
Standard,L2_4096_medium,L2,4096,medium,0.5,,8,65565,54581,5,5,6.21875,6.65625,0.4375,1
Standard,L2_4096_medium,L2,4096,medium,0.5,,9,92269,22198,5,5,8.0625,8.9375,0.875,1
Standard,L2_4096_medium,L2,4096,medium,0.5,,10,84322,65367,5,5,7.1875,6.875,-0.3125,0
Standard,L2_4096_medium,L2,4096,medium,0.5,,11,63374,19126,5,5,8.25,8.375,0.125,1
Standard,L2_4096_medium,L2,4096,medium,0.5,,12,82237,67575,5,5,8.125,7.5625,-0.5625,0
Standard,L2_4096_medium,L2,4096,medium,0.5,,13,67461,45204,5,5,7.78125,6.875,-0.90625,0
Standard,L2_4096_medium,L2,4096,medium,0.5,,14,14748,28230,5,5,8.375,8.25,-0.125,0
Standard,L2_4096_medium,L2,4096,medium,0.5,,15,87342,76617,5,5,7.71875,7.5,-0.21875,0
Standard,L2_4096_medium,L2,4096,medium,0.5,,16,87455,84297,5,5,6.9375,7.59375,0.65625,1
Standard,L2_4096_medium,L2,4096,medium,0.5,,17,96166,34425,5,5,7.90625,7.875,-0.03125,0
Standard,L2_4096_medium,L2,4096,medium,0.5,,18,96866,10523,5,5,7.6875,8.3125,0.625,1
Standard,L2_4096_medium,L2,4096,medium,0.5,,19,99565,38582,5,5,6.5625,8.0625,1.5,1
Standard,L2_4096_easy,L2,4096,easy,0.9,,0,37104,99506,5,5,8.6875,7.15625,-1.53125,0
Standard,L2_4096_easy,L2,4096,easy,0.9,,1,38364,83045,5,5,8.625,8.1875,-0.4375,0
Standard,L2_4096_easy,L2,4096,easy,0.9,,2,22481,13429,5,5,9.5625,9.125,-0.4375,0
Standard,L2_4096_easy,L2,4096,easy,0.9,,3,18574,23317,5,5,8.625,9.1875,0.5625,1
Standard,L2_4096_easy,L2,4096,easy,0.9,,4,22264,59023,5,5,9.5,7.65625,-1.84375,0
Standard,L2_4096_easy,L2,4096,easy,0.9,,5,49060,65595,5,5,7.96875,6.90625,-1.0625,0
Standard,L2_4096_easy,L2,4096,easy,0.9,,6,40711,42377,5,5,7.78125,9.0,1.21875,1
Standard,L2_4096_easy,L2,4096,easy,0.9,,7,15857,37589,5,5,7.5,8.5,1.0,1
Standard,L2_4096_easy,L2,4096,easy,0.9,,8,89362,64284,5,5,7.84375,8.1875,0.34375,1
Standard,L2_4096_easy,L2,4096,easy,0.9,,9,41454,86698,5,5,7.5625,8.4375,0.875,1
Standard,L2_4096_easy,L2,4096,easy,0.9,,10,44750,61820,5,5,7.1875,8.0625,0.875,1
Standard,L2_4096_easy,L2,4096,easy,0.9,,11,59711,65030,5,5,7.28125,7.25,-0.03125,0
Standard,L2_4096_easy,L2,4096,easy,0.9,,12,34688,99321,5,5,8.4375,7.5625,-0.875,0
Standard,L2_4096_easy,L2,4096,easy,0.9,,13,53694,25997,5,5,8.3125,7.875,-0.4375,0
Standard,L2_4096_easy,L2,4096,easy,0.9,,14,37047,41023,5,5,8.875,8.0,-0.875,0
Standard,L2_4096_easy,L2,4096,easy,0.9,,15,26222,26617,5,5,9.3125,9.5,0.1875,1
Standard,L2_4096_easy,L2,4096,easy,0.9,,16,94520,99375,5,5,7.34375,7.78125,0.4375,1
Standard,L2_4096_easy,L2,4096,easy,0.9,,17,70058,23130,5,5,7.3125,9.0,1.6875,1
Standard,L2_4096_easy,L2,4096,easy,0.9,,18,87633,76143,5,5,7.875,8.125,0.25,1
Standard,L2_4096_easy,L2,4096,easy,0.9,,19,89398,68414,5,5,7.875,7.84375,-0.03125,0
Standard,L2_8192_hard,L2,8192,hard,0.1,,0,69207,62151,5,5,8.6875,7.96875,-0.71875,0
Standard,L2_8192_hard,L2,8192,hard,0.1,,1,38557,91427,5,5,7.90625,7.28125,-0.625,0
Standard,L2_8192_hard,L2,8192,hard,0.1,,2,98893,85878,5,5,7.46875,7.09375,-0.375,0
Standard,L2_8192_hard,L2,8192,hard,0.1,,3,72488,45347,5,5,7.46875,7.09375,-0.375,0
Standard,L2_8192_hard,L2,8192,hard,0.1,,4,74347,23492,5,5,7.40625,9.0625,1.65625,1
Standard,L2_8192_hard,L2,8192,hard,0.1,,5,57840,97538,5,5,8.5625,7.6875,-0.875,0
Standard,L2_8192_hard,L2,8192,hard,0.1,,6,80825,17358,5,5,8.4375,8.25,-0.1875,0
Standard,L2_8192_hard,L2,8192,hard,0.1,,7,96033,69341,5,5,7.90625,8.3125,0.40625,1
Standard,L2_8192_hard,L2,8192,hard,0.1,,8,41042,85556,5,5,8.25,6.6875,-1.5625,0
Standard,L2_8192_hard,L2,8192,hard,0.1,,9,27632,32085,5,5,8.875,8.6875,-0.1875,0
Standard,L2_8192_hard,L2,8192,hard,0.1,,10,62537,86532,5,5,7.90625,8.4375,0.53125,1
Standard,L2_8192_hard,L2,8192,hard,0.1,,11,34307,88217,5,5,8.5,8.375,-0.125,0
Standard,L2_8192_hard,L2,8192,hard,0.1,,12,75696,12021,5,5,6.90625,8.8125,1.90625,1
Standard,L2_8192_hard,L2,8192,hard,0.1,,13,78420,41858,5,5,7.125,7.53125,0.40625,1
Standard,L2_8192_hard,L2,8192,hard,0.1,,14,12898,56229,5,5,8.875,8.125,-0.75,0
Standard,L2_8192_hard,L2,8192,hard,0.1,,15,68052,13198,5,5,8.0625,8.9375,0.875,1
Standard,L2_8192_hard,L2,8192,hard,0.1,,16,35217,14639,5,5,7.0625,8.75,1.6875,1
Standard,L2_8192_hard,L2,8192,hard,0.1,,17,18849,56341,5,5,9.0,8.25,-0.75,0
Standard,L2_8192_hard,L2,8192,hard,0.1,,18,48428,51794,5,5,8.0,7.9375,-0.0625,0
Standard,L2_8192_hard,L2,8192,hard,0.1,,19,50666,16660,5,5,8.625,9.375,0.75,1
Standard,L2_8192_medium,L2,8192,medium,0.5,,0,43380,95022,5,5,9.4375,7.625,-1.8125,0
Standard,L2_8192_medium,L2,8192,medium,0.5,,1,47035,23396,5,5,9.1875,9.625,0.4375,1
Standard,L2_8192_medium,L2,8192,medium,0.5,,2,56725,58282,5,5,9.0625,9.125,0.0625,1
Standard,L2_8192_medium,L2,8192,medium,0.5,,3,82823,94895,5,5,9.1875,8.5,-0.6875,0
Standard,L2_8192_medium,L2,8192,medium,0.5,,4,51848,80825,5,5,8.875,9.25,0.375,1
Standard,L2_8192_medium,L2,8192,medium,0.5,,5,42925,21171,5,5,8.875,9.75,0.875,1
Standard,L2_8192_medium,L2,8192,medium,0.5,,6,99546,77087,5,5,8.9375,9.3125,0.375,1
Standard,L2_8192_medium,L2,8192,medium,0.5,,7,54945,99372,5,5,8.75,8.9375,0.1875,1
Standard,L2_8192_medium,L2,8192,medium,0.5,,8,27716,11288,5,5,9.8125,9.4375,-0.375,0
Standard,L2_8192_medium,L2,8192,medium,0.5,,9,92113,55318,5,5,8.75,7.6875,-1.0625,0
Standard,L2_8192_medium,L2,8192,medium,0.5,,10,21246,47420,5,5,9.625,9.625,0.0,0
Standard,L2_8192_medium,L2,8192,medium,0.5,,11,10697,59820,5,5,9.9375,9.0,-0.9375,0
Standard,L2_8192_medium,L2,8192,medium,0.5,,12,62167,19629,5,5,9.625,9.6875,0.0625,1
Standard,L2_8192_medium,L2,8192,medium,0.5,,13,81729,43923,5,5,9.125,9.1875,0.0625,1
Standard,L2_8192_medium,L2,8192,medium,0.5,,14,34982,39502,5,5,9.5,9.25,-0.25,0
Standard,L2_8192_medium,L2,8192,medium,0.5,,15,54596,90005,5,5,8.75,9.1875,0.4375,1
Standard,L2_8192_medium,L2,8192,medium,0.5,,16,65760,90778,5,5,7.96875,9.0,1.03125,1
Standard,L2_8192_medium,L2,8192,medium,0.5,,17,28697,57642,5,5,9.625,9.5,-0.125,0
Standard,L2_8192_medium,L2,8192,medium,0.5,,18,12253,25987,5,5,9.375,8.0625,-1.3125,0
Standard,L2_8192_medium,L2,8192,medium,0.5,,19,87985,47169,5,5,9.375,9.6875,0.3125,1
Standard,L2_8192_easy,L2,8192,easy,0.9,,0,74519,21667,5,5,8.0625,9.625,1.5625,1
Standard,L2_8192_easy,L2,8192,easy,0.9,,1,19421,72222,5,5,9.375,8.1875,-1.1875,0
Standard,L2_8192_easy,L2,8192,easy,0.9,,2,91630,43066,5,5,8.1875,9.5625,1.375,1
Standard,L2_8192_easy,L2,8192,easy,0.9,,3,28779,28393,5,5,9.4375,9.0,-0.4375,0
Standard,L2_8192_easy,L2,8192,easy,0.9,,4,26438,92501,5,5,9.5625,8.5625,-1.0,0
Standard,L2_8192_easy,L2,8192,easy,0.9,,5,54447,65743,5,5,9.375,7.65625,-1.71875,0
Standard,L2_8192_easy,L2,8192,easy,0.9,,6,65619,38293,5,5,7.625,9.0,1.375,1
Standard,L2_8192_easy,L2,8192,easy,0.9,,7,10459,89101,5,5,9.75,9.375,-0.375,0
Standard,L2_8192_easy,L2,8192,easy,0.9,,8,89884,38368,5,5,9.375,8.875,-0.5,0
Standard,L2_8192_easy,L2,8192,easy,0.9,,9,54713,74039,5,5,8.6875,8.125,-0.5625,0
Standard,L2_8192_easy,L2,8192,easy,0.9,,10,54489,81158,5,5,9.25,8.625,-0.625,0
Standard,L2_8192_easy,L2,8192,easy,0.9,,11,92129,60780,5,5,8.375,9.5,1.125,1
Standard,L2_8192_easy,L2,8192,easy,0.9,,12,78748,55465,5,5,8.0,8.125,0.125,1
Standard,L2_8192_easy,L2,8192,easy,0.9,,13,76183,43830,5,5,8.8125,9.0,0.1875,1
Standard,L2_8192_easy,L2,8192,easy,0.9,,14,36878,45892,5,5,9.4375,7.5,-1.9375,0
Standard,L2_8192_easy,L2,8192,easy,0.9,,15,39098,85641,5,5,8.9375,7.875,-1.0625,0
Standard,L2_8192_easy,L2,8192,easy,0.9,,16,34155,97965,5,5,8.625,8.875,0.25,1
Standard,L2_8192_easy,L2,8192,easy,0.9,,17,98396,52189,5,5,8.1875,9.0,0.8125,1
Standard,L2_8192_easy,L2,8192,easy,0.9,,18,64821,98317,5,5,8.9375,8.25,-0.6875,0
Standard,L2_8192_easy,L2,8192,easy,0.9,,19,84235,53107,5,5,8.875,9.1875,0.3125,1
Standard,L3_12000_hard,L3,12000,hard,0.1,,0,58562,53507,5,5,4.21875,4.875,0.65625,1
Standard,L3_12000_hard,L3,12000,hard,0.1,,1,43856,95717,5,5,5.03125,6.0,0.96875,1
Standard,L3_12000_hard,L3,12000,hard,0.1,,2,41197,61844,5,5,4.84375,6.28125,1.4375,1
Standard,L3_12000_hard,L3,12000,hard,0.1,,3,63882,33962,5,5,6.28125,5.15625,-1.125,0
Standard,L3_12000_hard,L3,12000,hard,0.1,,4,47680,99698,5,5,5.9375,5.78125,-0.15625,0
Standard,L3_12000_hard,L3,12000,hard,0.1,,5,39841,84546,5,5,5.28125,4.75,-0.53125,0
Standard,L3_12000_hard,L3,12000,hard,0.1,,6,38802,54425,5,5,5.125,4.21875,-0.90625,0
Standard,L3_12000_hard,L3,12000,hard,0.1,,7,46496,91557,5,5,6.125,5.71875,-0.40625,0
Standard,L3_12000_hard,L3,12000,hard,0.1,,8,91673,40075,5,5,6.0,4.71875,-1.28125,0
Standard,L3_12000_hard,L3,12000,hard,0.1,,9,17747,42132,5,5,5.59375,6.03125,0.4375,1
Standard,L3_12000_hard,L3,12000,hard,0.1,,10,11825,95395,5,5,4.65625,5.4375,0.78125,1
Standard,L3_12000_hard,L3,12000,hard,0.1,,11,95660,35295,5,5,6.09375,4.625,-1.46875,0
Standard,L3_12000_hard,L3,12000,hard,0.1,,12,83628,49000,5,5,5.46875,6.28125,0.8125,1
Standard,L3_12000_hard,L3,12000,hard,0.1,,13,26848,25630,5,5,6.96875,6.875,-0.09375,0
Standard,L3_12000_hard,L3,12000,hard,0.1,,14,81540,90741,5,5,5.0,5.65625,0.65625,1
Standard,L3_12000_hard,L3,12000,hard,0.1,,15,86410,29474,5,5,6.65625,6.3125,-0.34375,0
Standard,L3_12000_hard,L3,12000,hard,0.1,,16,88927,16863,5,5,4.78125,6.375,1.59375,1
Standard,L3_12000_hard,L3,12000,hard,0.1,,17,17548,75492,5,5,5.3125,5.46875,0.15625,1
Standard,L3_12000_hard,L3,12000,hard,0.1,,18,54427,90470,5,5,4.375,5.59375,1.21875,1
Standard,L3_12000_hard,L3,12000,hard,0.1,,19,33013,90331,5,5,5.9375,6.5625,0.625,1
Standard,L3_12000_easy,L3,12000,easy,0.9,,0,24680,62029,5,5,8.4375,8.375,-0.0625,0
Standard,L3_12000_easy,L3,12000,easy,0.9,,1,65071,61579,5,5,7.5,7.375,-0.125,0
Standard,L3_12000_easy,L3,12000,easy,0.9,,2,17961,45239,5,5,7.65625,6.46875,-1.1875,0
Standard,L3_12000_easy,L3,12000,easy,0.9,,3,40957,46869,5,5,7.0625,8.0625,1.0,1
Standard,L3_12000_easy,L3,12000,easy,0.9,,4,57406,81859,5,5,7.625,6.96875,-0.65625,0
Standard,L3_12000_easy,L3,12000,easy,0.9,,5,73214,83149,5,5,7.59375,7.53125,-0.0625,0
Standard,L3_12000_easy,L3,12000,easy,0.9,,6,59732,93087,5,5,6.9375,7.65625,0.71875,1
Standard,L3_12000_easy,L3,12000,easy,0.9,,7,88456,65666,5,5,7.46875,8.125,0.65625,1
Standard,L3_12000_easy,L3,12000,easy,0.9,,8,62899,73665,5,5,8.25,8.25,0.0,0
Standard,L3_12000_easy,L3,12000,easy,0.9,,9,77592,95723,5,5,7.5,7.53125,0.03125,1
Standard,L3_12000_easy,L3,12000,easy,0.9,,10,17742,82356,5,5,8.5,6.9375,-1.5625,0
Standard,L3_12000_easy,L3,12000,easy,0.9,,11,10521,58233,5,5,7.53125,6.375,-1.15625,0
Standard,L3_12000_easy,L3,12000,easy,0.9,,12,59387,33111,5,5,6.8125,6.90625,0.09375,1
Standard,L3_12000_easy,L3,12000,easy,0.9,,13,50593,52334,5,5,6.40625,6.59375,0.1875,1
Standard,L3_12000_easy,L3,12000,easy,0.9,,14,54127,58848,5,5,7.0625,7.6875,0.625,1
Standard,L3_12000_easy,L3,12000,easy,0.9,,15,87713,58014,5,5,7.1875,6.6875,-0.5,0
Standard,L3_12000_easy,L3,12000,easy,0.9,,16,94976,42843,5,5,7.5625,8.6875,1.125,1
Standard,L3_12000_easy,L3,12000,easy,0.9,,17,85924,37739,5,5,6.8125,7.28125,0.46875,1
Standard,L3_12000_easy,L3,12000,easy,0.9,,18,44133,74063,5,5,6.375,7.5625,1.1875,1
Standard,L3_12000_easy,L3,12000,easy,0.9,,19,64910,67923,5,5,7.71875,7.9375,0.21875,1
Anchored-20,L1_256_near20,L1,256,near20,,20.0,0,63858,29466,5,5,2.5,2.625,0.125,1
Anchored-20,L1_256_near20,L1,256,near20,,20.0,1,40380,32099,5,5,2.359375,2.5625,0.203125,1
Anchored-20,L1_256_near20,L1,256,near20,,20.0,2,23179,69366,5,5,2.625,2.671875,0.046875,1
Anchored-20,L1_256_near20,L1,256,near20,,20.0,3,96640,57386,5,5,2.828125,2.375,-0.453125,0
Anchored-20,L1_256_near20,L1,256,near20,,20.0,4,20930,23158,5,5,2.375,2.515625,0.140625,1
Anchored-20,L1_256_near20,L1,256,near20,,20.0,5,85844,88081,5,5,3.21875,3.03125,-0.1875,0
Anchored-20,L1_256_near20,L1,256,near20,,20.0,6,54287,55273,5,5,2.3125,2.546875,0.234375,1
Anchored-20,L1_256_near20,L1,256,near20,,20.0,7,60241,46890,5,5,2.484375,2.578125,0.09375,1
Anchored-20,L1_256_near20,L1,256,near20,,20.0,8,39816,42973,5,5,2.6875,2.578125,-0.109375,0
Anchored-20,L1_256_near20,L1,256,near20,,20.0,9,73706,66957,5,5,2.90625,2.609375,-0.296875,0
Anchored-20,L1_256_near20,L1,256,near20,,20.0,10,87425,50459,5,5,2.9375,2.5,-0.4375,0
Anchored-20,L1_256_near20,L1,256,near20,,20.0,11,69376,61326,5,5,2.640625,2.53125,-0.109375,0
Anchored-20,L1_256_near20,L1,256,near20,,20.0,12,95644,87353,5,5,3.0625,3.0625,0.0,0
Anchored-20,L1_256_near20,L1,256,near20,,20.0,13,27598,31676,5,5,2.359375,2.546875,0.1875,1
Anchored-20,L1_256_near20,L1,256,near20,,20.0,14,75963,98304,5,5,2.953125,2.875,-0.078125,0
Anchored-20,L1_256_near20,L1,256,near20,,20.0,15,73252,18122,5,5,2.96875,2.703125,-0.265625,0
Anchored-20,L1_256_near20,L1,256,near20,,20.0,16,66499,38256,5,5,2.625,2.875,0.25,1
Anchored-20,L1_256_near20,L1,256,near20,,20.0,17,29595,90826,5,5,2.5,2.796875,0.296875,1
Anchored-20,L1_256_near20,L1,256,near20,,20.0,18,32323,29469,5,5,2.53125,2.609375,0.078125,1
Anchored-20,L1_256_near20,L1,256,near20,,20.0,19,98213,33805,5,5,2.8125,3.15625,0.34375,1
Anchored-20,L2_4096_hard,L2,4096,hard,0.1,,0,84803,82240,5,5,4.0625,3.390625,-0.671875,0
Anchored-20,L2_4096_hard,L2,4096,hard,0.1,,1,55727,59160,5,5,3.234375,3.109375,-0.125,0
Anchored-20,L2_4096_hard,L2,4096,hard,0.1,,2,98204,93227,5,5,3.03125,2.921875,-0.109375,0
Anchored-20,L2_4096_hard,L2,4096,hard,0.1,,3,76536,50228,5,5,3.296875,3.109375,-0.1875,0
Anchored-20,L2_4096_hard,L2,4096,hard,0.1,,4,81094,78360,5,5,3.390625,3.265625,-0.125,0
Anchored-20,L2_4096_hard,L2,4096,hard,0.1,,5,17685,81005,5,5,2.765625,3.265625,0.5,1
Anchored-20,L2_4096_hard,L2,4096,hard,0.1,,6,28403,67299,5,5,3.46875,3.234375,-0.234375,0
Anchored-20,L2_4096_hard,L2,4096,hard,0.1,,7,41883,34624,5,5,3.171875,3.65625,0.484375,1
Anchored-20,L2_4096_hard,L2,4096,hard,0.1,,8,21472,23901,5,5,3.484375,3.375,-0.109375,0
Anchored-20,L2_4096_hard,L2,4096,hard,0.1,,9,18217,21620,5,5,3.125,3.421875,0.296875,1
Anchored-20,L2_4096_hard,L2,4096,hard,0.1,,10,73469,25479,5,5,3.234375,3.40625,0.171875,1
Anchored-20,L2_4096_hard,L2,4096,hard,0.1,,11,89133,32770,5,5,3.421875,3.359375,-0.0625,0
Anchored-20,L2_4096_hard,L2,4096,hard,0.1,,12,75055,28915,5,5,3.234375,3.40625,0.171875,1
Anchored-20,L2_4096_hard,L2,4096,hard,0.1,,13,52007,20918,5,5,3.234375,3.328125,0.09375,1
Anchored-20,L2_4096_hard,L2,4096,hard,0.1,,14,73970,79584,5,5,3.28125,3.09375,-0.1875,0
Anchored-20,L2_4096_hard,L2,4096,hard,0.1,,15,14649,67212,5,5,2.921875,3.203125,0.28125,1
Anchored-20,L2_4096_hard,L2,4096,hard,0.1,,16,76264,84592,5,5,3.1875,4.0,0.8125,1
Anchored-20,L2_4096_hard,L2,4096,hard,0.1,,17,86637,72383,5,5,3.546875,3.203125,-0.34375,0
Anchored-20,L2_4096_hard,L2,4096,hard,0.1,,18,54396,28953,5,5,3.203125,3.453125,0.25,1
Anchored-20,L2_4096_hard,L2,4096,hard,0.1,,19,56225,95664,5,5,3.125,2.9375,-0.1875,0
Anchored-20,L2_4096_medium,L2,4096,medium,0.5,,0,93206,35001,5,5,2.734375,2.84375,0.109375,1
Anchored-20,L2_4096_medium,L2,4096,medium,0.5,,1,52639,18016,5,5,2.765625,2.796875,0.03125,1
Anchored-20,L2_4096_medium,L2,4096,medium,0.5,,2,36599,88674,5,5,2.953125,4.125,1.171875,1
Anchored-20,L2_4096_medium,L2,4096,medium,0.5,,3,67550,93417,5,5,2.921875,2.703125,-0.21875,0
Anchored-20,L2_4096_medium,L2,4096,medium,0.5,,4,42355,29181,5,5,2.75,3.203125,0.453125,1
Anchored-20,L2_4096_medium,L2,4096,medium,0.5,,5,42219,62131,5,5,2.71875,2.9375,0.21875,1
Anchored-20,L2_4096_medium,L2,4096,medium,0.5,,6,60958,70346,5,5,2.96875,3.03125,0.0625,1
Anchored-20,L2_4096_medium,L2,4096,medium,0.5,,7,98749,46122,5,5,3.03125,2.90625,-0.125,0
Anchored-20,L2_4096_medium,L2,4096,medium,0.5,,8,71845,65201,5,5,2.875,2.953125,0.078125,1
Anchored-20,L2_4096_medium,L2,4096,medium,0.5,,9,81811,45031,5,5,2.8125,2.859375,0.046875,1
Anchored-20,L2_4096_medium,L2,4096,medium,0.5,,10,27636,90120,5,5,3.03125,2.828125,-0.203125,0
Anchored-20,L2_4096_medium,L2,4096,medium,0.5,,11,83659,61547,5,5,3.59375,2.875,-0.71875,0
Anchored-20,L2_4096_medium,L2,4096,medium,0.5,,12,75928,53364,5,5,2.796875,2.796875,0.0,0
Anchored-20,L2_4096_medium,L2,4096,medium,0.5,,13,33104,92128,5,5,3.453125,2.65625,-0.796875,0
Anchored-20,L2_4096_medium,L2,4096,medium,0.5,,14,46946,40693,5,5,2.90625,3.171875,0.265625,1
Anchored-20,L2_4096_medium,L2,4096,medium,0.5,,15,31212,29026,5,5,2.96875,3.21875,0.25,1
Anchored-20,L2_4096_medium,L2,4096,medium,0.5,,16,27635,47865,5,5,3.0,2.78125,-0.21875,0
Anchored-20,L2_4096_medium,L2,4096,medium,0.5,,17,17553,89859,5,5,2.546875,2.90625,0.359375,1
Anchored-20,L2_4096_medium,L2,4096,medium,0.5,,18,63086,87394,5,5,2.984375,2.734375,-0.25,0
Anchored-20,L2_4096_medium,L2,4096,medium,0.5,,19,32049,19681,5,5,2.84375,2.703125,-0.140625,0
Anchored-20,L2_4096_easy,L2,4096,easy,0.9,,0,69741,84110,5,5,3.015625,3.15625,0.140625,1
Anchored-20,L2_4096_easy,L2,4096,easy,0.9,,1,42435,76311,5,5,2.90625,3.0,0.09375,1
Anchored-20,L2_4096_easy,L2,4096,easy,0.9,,2,74426,70444,5,5,2.953125,3.0,0.046875,1
Anchored-20,L2_4096_easy,L2,4096,easy,0.9,,3,38472,78889,5,5,3.734375,3.125,-0.609375,0
Anchored-20,L2_4096_easy,L2,4096,easy,0.9,,4,35089,42062,5,5,2.9375,2.9375,0.0,0
Anchored-20,L2_4096_easy,L2,4096,easy,0.9,,5,21648,59651,5,5,2.890625,2.78125,-0.109375,0
Anchored-20,L2_4096_easy,L2,4096,easy,0.9,,6,10519,99882,5,5,2.734375,2.890625,0.15625,1
Anchored-20,L2_4096_easy,L2,4096,easy,0.9,,7,16061,23071,5,5,2.84375,3.046875,0.203125,1
Anchored-20,L2_4096_easy,L2,4096,easy,0.9,,8,97140,21475,5,5,2.734375,2.984375,0.25,1
Anchored-20,L2_4096_easy,L2,4096,easy,0.9,,9,50884,22077,5,5,2.828125,3.15625,0.328125,1
Anchored-20,L2_4096_easy,L2,4096,easy,0.9,,10,91162,45135,5,5,2.9375,2.796875,-0.140625,0
Anchored-20,L2_4096_easy,L2,4096,easy,0.9,,11,47059,28474,5,5,2.90625,3.09375,0.1875,1
Anchored-20,L2_4096_easy,L2,4096,easy,0.9,,12,24545,63817,5,5,2.96875,2.875,-0.09375,0
Anchored-20,L2_4096_easy,L2,4096,easy,0.9,,13,76632,72402,5,5,3.0,3.015625,0.015625,1
Anchored-20,L2_4096_easy,L2,4096,easy,0.9,,14,82688,71311,5,5,2.59375,3.015625,0.421875,1
Anchored-20,L2_4096_easy,L2,4096,easy,0.9,,15,13329,16595,5,5,2.90625,2.765625,-0.140625,0
Anchored-20,L2_4096_easy,L2,4096,easy,0.9,,16,13798,35105,5,5,2.765625,2.71875,-0.046875,0
Anchored-20,L2_4096_easy,L2,4096,easy,0.9,,17,79470,94484,5,5,3.046875,2.90625,-0.140625,0
Anchored-20,L2_4096_easy,L2,4096,easy,0.9,,18,37327,79323,5,5,2.96875,3.015625,0.046875,1
Anchored-20,L2_4096_easy,L2,4096,easy,0.9,,19,39313,81891,5,5,2.984375,2.765625,-0.21875,0
Anchored-20,L2_8192_hard,L2,8192,hard,0.1,,0,79654,81853,5,5,2.625,2.265625,-0.359375,0
Anchored-20,L2_8192_hard,L2,8192,hard,0.1,,1,63258,34234,5,5,2.578125,3.09375,0.515625,1
Anchored-20,L2_8192_hard,L2,8192,hard,0.1,,2,75058,37865,5,5,2.578125,2.890625,0.3125,1
Anchored-20,L2_8192_hard,L2,8192,hard,0.1,,3,91992,38989,5,5,2.5,4.84375,2.34375,1
Anchored-20,L2_8192_hard,L2,8192,hard,0.1,,4,46064,53328,5,5,2.921875,2.6875,-0.234375,0
Anchored-20,L2_8192_hard,L2,8192,hard,0.1,,5,36398,99299,5,5,2.875,3.375,0.5,1
Anchored-20,L2_8192_hard,L2,8192,hard,0.1,,6,68681,98803,5,5,3.515625,3.96875,0.453125,1
Anchored-20,L2_8192_hard,L2,8192,hard,0.1,,7,51508,57927,5,5,2.1875,2.453125,0.265625,1
Anchored-20,L2_8192_hard,L2,8192,hard,0.1,,8,18430,45749,5,5,2.3125,2.921875,0.609375,1
Anchored-20,L2_8192_hard,L2,8192,hard,0.1,,9,26715,89679,5,5,2.40625,3.09375,0.6875,1
Anchored-20,L2_8192_hard,L2,8192,hard,0.1,,10,44662,53968,5,5,2.8125,2.75,-0.0625,0
Anchored-20,L2_8192_hard,L2,8192,hard,0.1,,11,57945,23618,5,5,2.578125,2.359375,-0.21875,0
Anchored-20,L2_8192_hard,L2,8192,hard,0.1,,12,84087,85005,5,5,4.59375,3.0625,-1.53125,0
Anchored-20,L2_8192_hard,L2,8192,hard,0.1,,13,21347,72068,5,5,2.359375,2.5,0.140625,1
Anchored-20,L2_8192_hard,L2,8192,hard,0.1,,14,41646,96074,5,5,2.46875,2.90625,0.4375,1
Anchored-20,L2_8192_hard,L2,8192,hard,0.1,,15,75459,71567,5,5,2.734375,2.34375,-0.390625,0
Anchored-20,L2_8192_hard,L2,8192,hard,0.1,,16,31916,53356,5,5,2.5,2.953125,0.453125,1
Anchored-20,L2_8192_hard,L2,8192,hard,0.1,,17,75327,91911,5,5,2.578125,2.53125,-0.046875,0
Anchored-20,L2_8192_hard,L2,8192,hard,0.1,,18,73535,58123,5,5,3.09375,2.78125,-0.3125,0
Anchored-20,L2_8192_hard,L2,8192,hard,0.1,,19,39459,48183,5,5,3.625,2.609375,-1.015625,0
Anchored-20,L2_8192_medium,L2,8192,medium,0.5,,0,49101,91829,5,5,3.21875,2.640625,-0.578125,0
Anchored-20,L2_8192_medium,L2,8192,medium,0.5,,1,63406,35776,5,5,2.859375,3.71875,0.859375,1
Anchored-20,L2_8192_medium,L2,8192,medium,0.5,,2,15700,66464,5,5,2.390625,2.640625,0.25,1
Anchored-20,L2_8192_medium,L2,8192,medium,0.5,,3,39532,67485,5,5,4.375,3.640625,-0.734375,0
Anchored-20,L2_8192_medium,L2,8192,medium,0.5,,4,94441,56329,5,5,3.546875,2.671875,-0.875,0
Anchored-20,L2_8192_medium,L2,8192,medium,0.5,,5,51286,40656,5,5,2.53125,3.296875,0.765625,1
Anchored-20,L2_8192_medium,L2,8192,medium,0.5,,6,68042,36293,5,5,3.203125,2.84375,-0.359375,0
Anchored-20,L2_8192_medium,L2,8192,medium,0.5,,7,46997,37934,5,5,3.046875,3.109375,0.0625,1
Anchored-20,L2_8192_medium,L2,8192,medium,0.5,,8,58261,85994,5,5,3.265625,3.828125,0.5625,1
Anchored-20,L2_8192_medium,L2,8192,medium,0.5,,9,40241,66966,5,5,3.25,2.640625,-0.609375,0
Anchored-20,L2_8192_medium,L2,8192,medium,0.5,,10,23958,42205,5,5,2.46875,2.609375,0.140625,1
Anchored-20,L2_8192_medium,L2,8192,medium,0.5,,11,94953,68631,5,5,3.75,3.171875,-0.578125,0
Anchored-20,L2_8192_medium,L2,8192,medium,0.5,,12,39663,86516,5,5,3.6875,2.53125,-1.15625,0
Anchored-20,L2_8192_medium,L2,8192,medium,0.5,,13,91144,62415,5,5,2.6875,2.546875,-0.140625,0
Anchored-20,L2_8192_medium,L2,8192,medium,0.5,,14,64212,98080,5,5,2.640625,5.125,2.484375,1
Anchored-20,L2_8192_medium,L2,8192,medium,0.5,,15,83118,32271,5,5,3.015625,2.6875,-0.328125,0
Anchored-20,L2_8192_medium,L2,8192,medium,0.5,,16,11544,35628,5,5,2.5,3.390625,0.890625,1
Anchored-20,L2_8192_medium,L2,8192,medium,0.5,,17,35603,99418,5,5,3.640625,3.484375,-0.15625,0
Anchored-20,L2_8192_medium,L2,8192,medium,0.5,,18,20372,15414,5,5,2.796875,2.46875,-0.328125,0
Anchored-20,L2_8192_medium,L2,8192,medium,0.5,,19,62438,59104,5,5,2.53125,2.96875,0.4375,1
Anchored-20,L2_8192_easy,L2,8192,easy,0.9,,0,45784,60020,5,5,4.6875,2.78125,-1.90625,0
Anchored-20,L2_8192_easy,L2,8192,easy,0.9,,1,84328,49308,5,5,3.109375,3.984375,0.875,1
Anchored-20,L2_8192_easy,L2,8192,easy,0.9,,2,51787,40316,5,5,2.40625,3.8125,1.40625,1
Anchored-20,L2_8192_easy,L2,8192,easy,0.9,,3,48094,38115,5,5,4.96875,4.21875,-0.75,0
Anchored-20,L2_8192_easy,L2,8192,easy,0.9,,4,59512,55159,5,5,3.40625,2.921875,-0.484375,0
Anchored-20,L2_8192_easy,L2,8192,easy,0.9,,5,70210,42819,5,5,2.46875,2.78125,0.3125,1
Anchored-20,L2_8192_easy,L2,8192,easy,0.9,,6,24620,93289,5,5,2.40625,4.25,1.84375,1
Anchored-20,L2_8192_easy,L2,8192,easy,0.9,,7,59732,33465,5,5,3.5,4.0625,0.5625,1
Anchored-20,L2_8192_easy,L2,8192,easy,0.9,,8,92639,24894,5,5,2.796875,2.71875,-0.078125,0
Anchored-20,L2_8192_easy,L2,8192,easy,0.9,,9,59512,56146,5,5,3.40625,2.390625,-1.015625,0
Anchored-20,L2_8192_easy,L2,8192,easy,0.9,,10,70762,17357,5,5,2.734375,2.3125,-0.421875,0
Anchored-20,L2_8192_easy,L2,8192,easy,0.9,,11,21248,89372,5,5,2.40625,4.0,1.59375,1
Anchored-20,L2_8192_easy,L2,8192,easy,0.9,,12,66827,63664,5,5,2.484375,2.828125,0.34375,1
Anchored-20,L2_8192_easy,L2,8192,easy,0.9,,13,67655,32464,5,5,2.578125,2.640625,0.0625,1
Anchored-20,L2_8192_easy,L2,8192,easy,0.9,,14,40646,15804,5,5,3.828125,2.296875,-1.53125,0
Anchored-20,L2_8192_easy,L2,8192,easy,0.9,,15,33994,93168,5,5,5.3125,3.59375,-1.71875,0
Anchored-20,L2_8192_easy,L2,8192,easy,0.9,,16,10455,79516,5,5,2.296875,2.78125,0.484375,1
Anchored-20,L2_8192_easy,L2,8192,easy,0.9,,17,69965,32843,5,5,3.25,2.875,-0.375,0
Anchored-20,L2_8192_easy,L2,8192,easy,0.9,,18,30577,88828,5,5,3.890625,4.375,0.484375,1
Anchored-20,L2_8192_easy,L2,8192,easy,0.9,,19,99816,98275,5,5,4.46875,4.375,-0.09375,0
Anchored-20,L3_12000_hard,L3,12000,hard,0.1,,0,25708,86657,5,5,3.125,2.765625,-0.359375,0
Anchored-20,L3_12000_hard,L3,12000,hard,0.1,,1,43542,64103,5,5,2.703125,2.796875,0.09375,1
Anchored-20,L3_12000_hard,L3,12000,hard,0.1,,2,97916,48676,5,5,2.609375,2.765625,0.15625,1
Anchored-20,L3_12000_hard,L3,12000,hard,0.1,,3,52726,10789,5,5,2.78125,2.625,-0.15625,0
Anchored-20,L3_12000_hard,L3,12000,hard,0.1,,4,28537,89981,5,5,3.296875,3.234375,-0.0625,0
Anchored-20,L3_12000_hard,L3,12000,hard,0.1,,5,28599,69065,5,5,3.3125,3.0625,-0.25,0
Anchored-20,L3_12000_hard,L3,12000,hard,0.1,,6,52574,63433,5,5,2.890625,3.09375,0.203125,1
Anchored-20,L3_12000_hard,L3,12000,hard,0.1,,7,93186,48611,5,5,2.640625,2.6875,0.046875,1
Anchored-20,L3_12000_hard,L3,12000,hard,0.1,,8,49421,68039,5,5,2.578125,3.21875,0.640625,1
Anchored-20,L3_12000_hard,L3,12000,hard,0.1,,9,77447,37653,5,5,2.578125,2.703125,0.125,1
Anchored-20,L3_12000_hard,L3,12000,hard,0.1,,10,30883,89826,5,5,3.609375,2.796875,-0.8125,0
Anchored-20,L3_12000_hard,L3,12000,hard,0.1,,11,67644,34264,5,5,2.78125,2.625,-0.15625,0
Anchored-20,L3_12000_hard,L3,12000,hard,0.1,,12,43216,92360,5,5,2.484375,2.609375,0.125,1
Anchored-20,L3_12000_hard,L3,12000,hard,0.1,,13,43867,78975,5,5,2.859375,2.96875,0.109375,1
Anchored-20,L3_12000_hard,L3,12000,hard,0.1,,14,96988,55313,5,5,2.671875,2.84375,0.171875,1
Anchored-20,L3_12000_hard,L3,12000,hard,0.1,,15,67485,50411,5,5,2.875,2.890625,0.015625,1
Anchored-20,L3_12000_hard,L3,12000,hard,0.1,,16,52996,16015,5,5,2.78125,2.765625,-0.015625,0
Anchored-20,L3_12000_hard,L3,12000,hard,0.1,,17,99932,56050,5,5,2.875,3.015625,0.140625,1
Anchored-20,L3_12000_hard,L3,12000,hard,0.1,,18,97265,86489,5,5,2.46875,2.828125,0.359375,1
Anchored-20,L3_12000_hard,L3,12000,hard,0.1,,19,39383,45850,5,5,3.625,2.703125,-0.921875,0
Anchored-20,L3_12000_easy,L3,12000,easy,0.9,,0,44606,21911,5,5,2.75,3.328125,0.578125,1
Anchored-20,L3_12000_easy,L3,12000,easy,0.9,,1,55894,30589,5,5,3.140625,3.546875,0.40625,1
Anchored-20,L3_12000_easy,L3,12000,easy,0.9,,2,47150,79348,5,5,2.625,2.78125,0.15625,1
Anchored-20,L3_12000_easy,L3,12000,easy,0.9,,3,36226,25892,5,5,3.015625,3.296875,0.28125,1
Anchored-20,L3_12000_easy,L3,12000,easy,0.9,,4,23320,60087,5,5,3.359375,3.203125,-0.15625,0
Anchored-20,L3_12000_easy,L3,12000,easy,0.9,,5,70675,99142,5,5,3.03125,2.703125,-0.328125,0
Anchored-20,L3_12000_easy,L3,12000,easy,0.9,,6,84283,92195,5,5,2.703125,2.59375,-0.109375,0
Anchored-20,L3_12000_easy,L3,12000,easy,0.9,,7,50140,26594,5,5,2.953125,3.328125,0.375,1
Anchored-20,L3_12000_easy,L3,12000,easy,0.9,,8,11512,28909,5,5,2.75,3.375,0.625,1
Anchored-20,L3_12000_easy,L3,12000,easy,0.9,,9,33442,47196,5,5,3.390625,2.671875,-0.71875,0
Anchored-20,L3_12000_easy,L3,12000,easy,0.9,,10,41441,91404,5,5,2.703125,2.546875,-0.15625,0
Anchored-20,L3_12000_easy,L3,12000,easy,0.9,,11,27923,52413,5,5,3.171875,2.90625,-0.265625,0
Anchored-20,L3_12000_easy,L3,12000,easy,0.9,,12,59602,95944,5,5,3.0,2.765625,-0.234375,0
Anchored-20,L3_12000_easy,L3,12000,easy,0.9,,13,28284,85387,5,5,3.3125,3.125,-0.1875,0
Anchored-20,L3_12000_easy,L3,12000,easy,0.9,,14,98984,41175,5,5,3.390625,2.796875,-0.59375,0
Anchored-20,L3_12000_easy,L3,12000,easy,0.9,,15,15690,58329,5,5,2.640625,3.15625,0.515625,1
Anchored-20,L3_12000_easy,L3,12000,easy,0.9,,16,49800,81450,5,5,2.984375,2.6875,-0.296875,0
Anchored-20,L3_12000_easy,L3,12000,easy,0.9,,17,59262,83267,5,5,2.90625,2.859375,-0.046875,0
Anchored-20,L3_12000_easy,L3,12000,easy,0.9,,18,96005,18950,5,5,2.84375,2.65625,-0.1875,0
Anchored-20,L3_12000_easy,L3,12000,easy,0.9,,19,22070,64439,5,5,3.375,3.171875,-0.203125,0
