L,index,theta_sigmoid,log_theta_sigmoid,k,x0
4096,0,1.0,0.0,0.2981193444941955,31.5
4096,1,0.9997329558064441,-0.00026707985620574273,0.2981193444941955,31.5
4096,2,0.9993732983745695,-0.0006268980849795072,0.2981193444941955,31.5
4096,3,0.9988889727928864,-0.0011116448553661763,0.2981193444941955,31.5
4096,4,0.9982368816798649,-0.0017646744425948299,0.2981193444941955,31.5
4096,5,0.9973591237413331,-0.0026443695239166394,0.2981193444941955,31.5
4096,6,0.9961779857153408,-0.0038293368451639185,0.2981193444941955,31.5
4096,7,0.9945893029345648,-0.005425387902544352,0.2981193444941955,31.5
4096,8,0.9924537085892559,-0.007574908728420437,0.2981193444941955,31.5
4096,9,0.9895851938052834,-0.01046941981319735,0.2981193444941955,31.5
4096,10,0.9857363218841615,-0.01436638216732426,0.2981193444941955,31.5
4096,11,0.9805794266105228,-0.019611630394516015,0.2981193444941955,31.5
4096,12,0.9736832652721874,-0.026669217884169816,0.2981193444941955,31.5
4096,13,0.9644850527889509,-0.03616094412403757,0.2981193444941955,31.5
4096,14,0.9522588485511645,-0.0489183814101884,0.2981193444941955,31.5
4096,15,0.9360833391274392,-0.06605076893883512,0.2981193444941955,31.5
4096,16,0.9148157872667683,-0.0890325593668029,0.2981193444941955,31.5
4096,17,0.8870850570993963,-0.1198144082605323,0.2981193444941955,31.5
4096,18,0.8513257221757609,-0.16096047137678596,0.2981193444941955,31.5
4096,19,0.8058867017177977,-0.215812114944539,0.2981193444941955,31.5
4096,20,0.7492578551948975,-0.28867208876304806,0.2981193444941955,31.5
4096,21,0.6804562735386905,-0.38499171532738563,0.2981193444941955,31.5
4096,22,0.599581107263929,-0.5115240221494948,0.2981193444941955,31.5
4096,23,0.5084564743883976,-0.676375663246757,0.2981193444941955,31.5
4096,24,0.41112806812451896,-0.8888505117472956,0.2981193444941955,31.5
4096,25,0.3138197176428002,-1.1589366055941466,0.2981193444941955,31.5
4096,26,0.22396396611419805,-1.4962701056289653,0.2981193444941955,31.5
4096,27,0.1483084617120733,-1.9084609733940296,0.2981193444941955,31.5
4096,28,0.09082296062022271,-2.3988431550744167,0.2981193444941955,31.5
4096,29,0.05160983849556611,-2.964042956150829,0.2981193444941955,31.5
4096,30,0.027538907147170135,-3.592155468852069,0.2981193444941955,31.5
4096,31,0.014086695827546765,-4.262524485359408,0.2981193444941955,31.5
4096,32,0.007098896804774353,-4.947815886616775,0.2981193444941955,31.5
4096,33,0.0036312261581620525,-5.618184903124113,0.2981193444941955,31.5
4096,34,0.0019376150539318444,-6.246297415825353,0.2981193444941955,31.5
4096,35,0.0011010431648242705,-6.811497216901765,0.2981193444941955,31.5
4096,36,0.0006742703608789391,-7.3018793985821535,0.2981193444941955,31.5
4096,37,0.00044650039796585223,-7.714070266347217,0.2981193444941955,31.5
4096,38,0.000318654292187667,-8.051403766382036,0.2981193444941955,31.5
4096,39,0.00024323321065423576,-8.321489860228885,0.2981193444941955,31.5
4096,40,0.0001966736683219268,-8.533964708729426,0.2981193444941955,31.5
4096,41,0.00016678310705340669,-8.698816349826687,0.2981193444941955,31.5
4096,42,0.00014696021462180553,-8.825348656648798,0.2981193444941955,31.5
4096,43,0.0001334654008718907,-8.921668283213135,0.2981193444941955,31.5
4096,44,0.00012408692163159402,-8.994528257031643,0.2981193444941955,31.5
4096,45,0.00011746385360520626,-9.049379900599396,0.2981193444941955,31.5
4096,46,0.00011272876168941626,-9.090525963715649,0.2981193444941955,31.5
4096,47,0.00010931162469197657,-9.121307812609379,0.2981193444941955,31.5
4096,48,0.00010682809512795524,-9.144289603037347,0.2981193444941955,31.5
4096,49,0.0001050134636733987,-9.161421990565993,0.2981193444941955,31.5
4096,50,0.00010368227035850405,-9.174179427852145,0.2981193444941955,31.5
4096,51,0.00010270280240674116,-9.183671154092012,0.2981193444941955,31.5
4096,52,0.00010198052017638258,-9.190728741581665,0.2981193444941955,31.5
4096,53,0.00010144700746022778,-9.195973989808857,0.2981193444941955,31.5
4096,54,0.00010105244159471175,-9.199870952162986,0.2981193444941955,31.5
4096,55,0.00010076036709273526,-9.202765463247763,0.2981193444941955,31.5
4096,56,0.00010054401319715288,-9.204914984073639,0.2981193444941955,31.5
4096,57,0.00010038366781232525,-9.206511035131019,0.2981193444941955,31.5
4096,58,0.00010026478689529221,-9.207696002452264,0.2981193444941955,31.5
4096,59,0.00010017662323968311,-9.208575697533588,0.2981193444941955,31.5
4096,60,0.00010011122629615261,-9.209228727120816,0.2981193444941955,31.5
4096,61,0.00010006270946266537,-9.209713473891203,0.2981193444941955,31.5
4096,62,0.00010002671155252072,-9.210073292119976,0.2981193444941955,31.5
4096,63,0.0001,-9.210340371976182,0.2981193444941955,31.5
8192,0,1.0,0.0,0.3300088691307584,31.5
8192,1,0.9998898995314783,-0.0001101065300231723,0.3300088691307584,31.5
8192,2,0.9997367764645281,-0.0002632581848672278,0.3300088691307584,31.5
8192,3,0.9995238327279513,-0.0004762806756850028,0.3300088691307584,31.5
8192,4,0.9992277239451278,-0.0007725744136447567,0.3300088691307584,31.5
8192,5,0.9988160199427778,-0.0011846815153397612,0.3300088691307584,31.5
8192,6,0.9982436910005354,-0.0017578531183468041,0.3300088691307584,31.5
8192,7,0.9974482562561439,-0.0025550049910159967,0.3300088691307584,31.5
8192,8,0.9963431045815965,-0.003663598206373334,0.3300088691307584,31.5
8192,9,0.9948083376063288,-0.005205185899500361,0.3300088691307584,31.5
8192,10,0.9926782892681488,-0.007348646011287792,0.3300088691307584,31.5
8192,11,0.9897246579867497,-0.010328497782651403,0.3300088691307584,31.5
8192,12,0.9856339842542429,-0.014470206019892089,0.3300088691307584,31.5
8192,13,0.9799781100449185,-0.020225044255845644,0.3300088691307584,31.5
8192,14,0.9721764627232816,-0.028217944987574285,0.3300088691307584,31.5
8192,15,0.961449898877615,-0.03931282256250308,0.3300088691307584,31.5
8192,16,0.946768122429817,-0.05470107065666599,0.3300088691307584,31.5
8192,17,0.9267975290134328,-0.07602015257611833,0.3300088691307584,31.5
8192,18,0.8998654581573508,-0.10551001776898697,0.3300088691307584,31.5
8192,19,0.8639722497958218,-0.14621462898575777,0.3300088691307584,31.5
8192,20,0.8169049852089533,-0.20223248805903865,0.3300088691307584,31.5
8192,21,0.7565318158481343,-0.27901068999811607,0.3300088691307584,31.5
8192,22,0.6813652093480008,-0.38365683266368455,0.3300088691307584,31.5
8192,23,0.5914339440636156,-0.5252052770938175,0.3300088691307584,31.5
8192,24,0.48933301928194817,-0.7147120002703756,0.3300088691307584,31.5
8192,25,0.3809963286269149,-0.9649655400516938,0.3300088691307584,31.5
8192,26,0.2754050442316773,-1.2895123768361565,0.3300088691307584,31.5
8192,27,0.18256084114449692,-1.7006717853828373,0.3300088691307584,31.5
8192,28,0.11009772233800642,-2.2063869226790533,0.3300088691307584,31.5
8192,29,0.06043009011369122,-2.8062681174019177,0.3300088691307584,31.5
8192,30,0.030561634024649717,-3.4880098467202663,0.3300088691307584,31.5
8192,31,0.014609694853541817,-4.2260699395744155,0.3300088691307584,31.5
8192,32,0.006844769928631126,-4.984270432401768,0.3300088691307584,31.5
8192,33,0.0032720763529641246,-5.722330525255915,0.3300088691307584,31.5
8192,34,0.0016548047473016062,-6.404072254574264,0.3300088691307584,31.5
8192,35,0.0009082840033056655,-7.0039534492971285,0.3300088691307584,31.5
8192,36,0.0005477625945032212,-7.509668586593345,0.3300088691307584,31.5
8192,37,0.0003631015556704102,-7.920827995140025,0.3300088691307584,31.5
8192,38,0.00026246972079860536,-8.245374831924488,0.3300088691307584,31.5
8192,39,0.00020435980418149777,-8.495628371705807,0.3300088691307584,31.5
8192,40,0.0001690805896477999,-8.685135094882366,0.3300088691307584,31.5
8192,41,0.00014676417085587637,-8.826683539312498,0.3300088691307584,31.5
8192,42,0.000132182147406308,-8.931329681978067,0.3300088691307584,31.5
8192,43,0.00012241325712368067,-9.008107883917143,0.3300088691307584,31.5
8192,44,0.00011574445825503382,-9.064125742990424,0.3300088691307584,31.5
8192,45,0.00011112772369857319,-9.104830354207195,0.3300088691307584,31.5
8192,46,0.0001078984318251788,-9.134320219400063,0.3300088691307584,31.5
8192,47,0.00010562248308842165,-9.155639301319516,0.3300088691307584,31.5
8192,48,0.0001040095798197481,-9.17102754941368,0.3300088691307584,31.5
8192,49,0.00010286198425322699,-9.182122426988608,0.3300088691307584,31.5
8192,50,0.00010204309563140809,-9.190115327720335,0.3300088691307584,31.5
8192,51,0.00010145754062616119,-9.195870165956292,0.3300088691307584,31.5
8192,52,0.00010103820208280476,-9.200011874193532,0.3300088691307584,31.5
8192,53,0.00010073757135730756,-9.202991725964894,0.3300088691307584,31.5
8192,54,0.00010052187564150944,-9.205135186076681,0.3300088691307584,31.5
8192,55,0.00010036703173852348,-9.206676773769809,0.3300088691307584,31.5
8192,56,0.00010025582717979126,-9.207785366985165,0.3300088691307584,31.5
8192,57,0.00010017593990478463,-9.208582518857835,0.3300088691307584,31.5
8192,58,0.00010011853835276785,-9.209155690460843,0.3300088691307584,31.5
8192,59,0.00010007728729261267,-9.209567797562539,0.3300088691307584,31.5
8192,60,0.00010004763941153368,-9.209864091300496,0.3300088691307584,31.5
8192,61,0.0001000263292840344,-9.210077113791316,0.3300088691307584,31.5
8192,62,0.000100011011259197,-9.210230265446159,0.3300088691307584,31.5
8192,63,0.0001,-9.210340371976182,0.3300088691307584,31.5
16384,0,1.0,0.0,0.36189839376732125,31.5
16384,1,0.9999550289405043,-4.497207072415996e-05,0.36189839376732125,31.5
16384,2,0.9998904524201274,-0.00010955358064696085,0.36189839376732125,31.5
16384,3,0.9997977259911002,-0.00020229446904624954,0.36189839376732125,31.5
16384,4,0.9996645842290659,-0.0003354720353854702,0.36189839376732125,31.5
16384,5,0.9994734233446837,-0.0005267153454927406,0.36189839376732125,31.5
16384,6,0.9991989839973056,-0.0008013369874334516,0.36189839376732125,31.5
16384,7,0.9988050349588362,-0.0011956795811788683,0.36189839376732125,31.5
16384,8,0.9982396338760409,-0.0017619173892014976,0.36189839376732125,31.5
16384,9,0.9974283692021012,-0.002574943120311332,0.36189839376732125,31.5
16384,10,0.9962647533557666,-0.003742240098262059,0.36189839376732125,31.5
16384,11,0.994596628147476,-0.005418022866630204,0.36189839376732125,31.5
16384,12,0.992207054685525,-0.00782346899581225,0.36189839376732125,31.5
16384,13,0.9887877125204233,-0.011275619014070239,0.36189839376732125,31.5
16384,14,0.9839024120032421,-0.01622856164148175,0.36189839376732125,31.5
16384,15,0.9769381567466334,-0.0233319280762646,0.36189839376732125,31.5
16384,16,0.9670417965770379,-0.03351356152907167,0.36189839376732125,31.5
16384,17,0.9530427523121233,-0.04809551556591898,0.36189839376732125,31.5
16384,18,0.9333685853880366,-0.06895510214161153,0.36189839376732125,31.5
16384,19,0.9059737194174844,-0.09874498062534635,0.36189839376732125,31.5
16384,20,0.8683270933430924,-0.14118679965778347,0.36189839376732125,31.5
16384,21,0.8175456702421741,-0.20144851203149847,0.36189839376732125,31.5
16384,22,0.7508120004174306,-0.28659999089001875,0.36189839376732125,31.5
16384,23,0.6662407606978086,-0.40610417121878906,0.36189839376732125,31.5
16384,24,0.5642681785239316,-0.5722256466586916,0.36189839376732125,31.5
16384,25,0.4492799554191837,-0.8001090768119946,0.36189839376732125,31.5
16384,26,0.33051656782989713,-1.1070984913556252,0.36189839376732125,31.5
16384,27,0.22075459821910873,-1.5107036097303712,0.36189839376732125,31.5
16384,28,0.13203717290586192,-2.024671783118046,0.36189839376732125,31.5
16384,29,0.07042296257006125,-2.6532358961307585,0.36189839376732125,31.5
16384,30,0.03387741240849426,-3.3850067873070397,0.36189839376732125,31.5
16384,31,0.015151691545913655,-4.1896431000638925,0.36189839376732125,31.5
16384,32,0.006599923163494548,-5.02069727191229,0.36189839376732125,31.5
16384,33,0.00295181930645112,-5.825333584669142,0.36189839376732125,31.5
16384,34,0.0014199913827895783,-6.557104475845424,0.36189839376732125,31.5
16384,35,0.0007573624745153902,-7.185668588858136,0.36189839376732125,31.5
16384,36,0.0004529916966927481,-7.699636762245811,0.36189839376732125,31.5
16384,37,0.0003025566937735656,-8.103241880620557,0.36189839376732125,31.5
16384,38,0.0002225783696641857,-8.41023129516419,0.36189839376732125,31.5
16384,39,0.00017722069718974722,-8.638114725317491,0.36189839376732125,31.5
16384,40,0.00015009589010324425,-8.804236200757392,0.36189839376732125,31.5
16384,41,0.00013318913382365073,-8.923740381086164,0.36189839376732125,31.5
16384,42,0.00012231732567353446,-9.008891859944685,0.36189839376732125,31.5
16384,43,0.00011516397538051732,-9.069153572318399,0.36189839376732125,31.5
16384,44,0.00011037847771599504,-9.111595391350837,0.36189839376732125,31.5
16384,45,0.00010713881050370502,-9.14138526983457,0.36189839376732125,31.5
16384,46,0.00010492708722394221,-9.162244856410263,0.36189839376732125,31.5
16384,47,0.00010340814673570679,-9.176826810447112,0.36189839376732125,31.5
16384,48,0.00010236062468172665,-9.187008443899918,0.36189839376732125,31.5
16384,49,0.00010163609599899071,-9.1941118103347,0.36189839376732125,31.5
16384,50,0.00010113394284107725,-9.199064752962112,0.36189839376732125,31.5
16384,51,0.00010078541522937916,-9.20251690298037,0.36189839376732125,31.5
16384,52,0.00010054327268961159,-9.204922349109554,0.36189839376732125,31.5
16384,53,0.000100374925102153,-9.20659813187792,0.36189839376732125,31.5
16384,54,0.00010025782611336364,-9.20776542885587,0.36189839376732125,31.5
16384,55,0.00010017634704776494,-9.20857845458698,0.36189839376732125,31.5
16384,56,0.0001001196394690996,-9.209144692395002,0.36189839376732125,31.5
16384,57,0.00010008016581436971,-9.20953903498875,0.36189839376732125,31.5
16384,58,0.0001000526854084378,-9.20981365663069,0.36189839376732125,31.5
16384,59,0.0001000335528312422,-9.210004899940797,0.36189839376732125,31.5
16384,60,0.00010002023149319528,-9.210138077507136,0.36189839376732125,31.5
16384,61,0.00010001095595818598,-9.210230818395535,0.36189839376732125,31.5
16384,62,0.00010000449730819816,-9.21029539990546,0.36189839376732125,31.5
16384,63,0.0001,-9.210340371976182,0.36189839376732125,31.5
32768,0,1.0,0.0,0.39378791840388405,31.5
32768,1,0.9999817728747175,-1.822729139861047e-05,0.39378791840388405,31.5
32768,2,0.99995475033655,-4.5250687246892196e-05,0.39378791840388405,31.5
32768,3,0.9999146887331095,-8.531490610359448e-05,0.39378791840388405,31.5
32768,4,0.9998552975523229,-0.00014471291808631524,0.39378791840388405,31.5
32768,5,0.9997672529155188,-0.00023277417428730848,0.39378791840388405,31.5
32768,6,0.999636736527671,-0.00036332946848726685,0.39378791840388405,31.5
32768,7,0.999443272910352,-0.000556882119716516,0.39378791840388405,31.5
32768,8,0.9991565303042834,-0.0008438256164333435,0.39378791840388405,31.5
32768,9,0.9987315939594285,-0.0012692111483878466,0.39378791840388405,31.5
32768,10,0.9981019939904819,-0.0018998095053160272,0.39378791840388405,31.5
32768,11,0.9971694466526996,-0.0028345669390058754,0.39378791840388405,31.5
32768,12,0.9957888159000692,-0.004220076108396055,0.39378791840388405,31.5
32768,13,0.9937461914380846,-0.006273445536074469,0.39378791840388405,31.5
32768,14,0.9907272026827506,-0.009316057337571352,0.39378791840388405,31.5
32768,15,0.9862718118929947,-0.01382329107878055,0.39378791840388405,31.5
32768,16,0.9797111139539605,-0.020497532453811286,0.39378791840388405,31.5
32768,17,0.9700818195382463,-0.03037486100254386,0.39378791840388405,31.5
32768,18,0.9560167563245948,-0.04497983854815418,0.39378791840388405,31.5
32768,19,0.9356183295447517,-0.0665476532447457,0.39378791840388405,31.5
32768,20,0.906342833494532,-0.09833764110007595,0.39378791840388405,31.5
32768,21,0.8649666525873961,-0.14506432471548758,0.39378791840388405,31.5
32768,22,0.8077801320330936,-0.21346537131115367,0.39378791840388405,31.5
32768,23,0.7312519557694755,-0.31299720588309965,0.39378791840388405,31.5
32768,24,0.6334499277854191,-0.4565743229361034,0.39378791840388405,31.5
32768,25,0.5162772758690912,-0.6611113014893418,0.39378791840388405,31.5
32768,26,0.38776580617862005,-0.9473537139171883,0.39378791840388405,31.5
32768,27,0.2623367664750683,-1.338126232374125,0.39378791840388405,31.5
32768,28,0.15662242463011475,-1.853917308805386,0.39378791840388405,31.5
32768,29,0.08165529695110943,-2.5052485878044872,0.39378791840388405,31.5
32768,30,0.037505162165456456,-3.2832766977342245,0.39378791840388405,31.5
32768,31,0.015713102337821413,-4.153260370855658,0.39378791840388405,31.5
32768,32,0.006364115618295199,-5.057080001120525,0.39378791840388405,31.5
32768,33,0.0026662996298707766,-5.927063674241959,0.39378791840388405,31.5
32768,34,0.0012246602943575644,-6.705091784171696,0.39378791840388405,31.5
32768,35,0.0006384781760093656,-7.356423063170797,0.39378791840388405,31.5
32768,36,0.0003811894205439314,-7.872214139602058,0.39378791840388405,31.5
32768,37,0.00025788761774919424,-8.262986658058994,0.39378791840388405,31.5
32768,38,0.00019369436671730705,-8.54922907048684,0.39378791840388405,31.5
32768,39,0.0001578656743234724,-8.75376604904008,0.39378791840388405,31.5
32768,40,0.00013675177100179228,-8.897343166093082,0.39378791840388405,31.5
32768,41,0.00012379606285724203,-8.996875000665028,0.39378791840388405,31.5
32768,42,0.00011561139345761773,-9.065276047260696,0.39378791840388405,31.5
32768,43,0.00011033352535534033,-9.112002730876107,0.39378791840388405,31.5
32768,44,0.00010688118952164769,-9.143792718731437,0.39378791840388405,31.5
32768,45,0.00010460067706809854,-9.165360533428029,0.39378791840388405,31.5
32768,46,0.00010308408835823706,-9.17996551097364,0.39378791840388405,31.5
32768,47,0.00010207090495933603,-9.189842839522372,0.39378791840388405,31.5
32768,48,0.00010139192745260115,-9.196517080897403,0.39378791840388405,31.5
32768,49,0.00010093595868692613,-9.20102431463861,0.39378791840388405,31.5
32768,50,0.00010062931648098839,-9.20406692644011,0.39378791840388405,31.5
32768,51,0.00010042289931687209,-9.206120295867787,0.39378791840388405,31.5
32768,52,0.00010028385881224117,-9.207505805037178,0.39378791840388405,31.5
32768,53,0.00010019016152867618,-9.208440562470866,0.39378791840388405,31.5
32768,54,0.00010012700169377266,-9.209071160827795,0.39378791840388405,31.5
32768,55,0.00010008441817374287,-9.20949654635975,0.39378791840388405,31.5
32768,56,0.00010005570372073509,-9.209783489856466,0.39378791840388405,31.5
32768,57,0.00010003633954806332,-9.209977042507695,0.39378791840388405,31.5
32768,58,0.0001000232801268298,-9.210107597801896,0.39378791840388405,31.5
32768,59,0.00010001447233895068,-9.210195659058096,0.39378791840388405,31.5
32768,60,0.00010000853185455227,-9.21025505707008,0.39378791840388405,31.5
32768,61,0.00010000452517110737,-9.210295121288937,0.39378791840388405,31.5
32768,62,0.00010000182274575153,-9.210322144684785,0.39378791840388405,31.5
32768,63,0.0001,-9.210340371976182,0.39378791840388405,31.5
65536,0,1.0,0.0,0.4256774430404469,31.5
65536,1,0.9999926603037904,-7.3397231452871025e-06,0.4256774430404469,31.5
65536,2,0.9999814260937276,-1.857407876948974e-05,0.4256774430404469,31.5
65536,3,0.9999642310062007,-3.576963352502585e-05,0.4256774430404469,31.5
65536,4,0.9999379124382755,-6.208948923698811e-05,0.4256774430404469,31.5
65536,5,0.9998976301609528,-0.00010237507919681014,0.4256774430404469,31.5
65536,6,0.9998359768456575,-0.00016403660761119508,0.4256774430404469,31.5
65536,7,0.999741617578796,-0.0002584158076929229,0.4256774430404469,31.5
65536,8,0.9995972097300558,-0.00040287141173442575,0.4256774430404469,31.5
65536,9,0.9993762243480203,-0.0006239702809524383,0.4256774430404469,31.5
65536,10,0.9990380933122293,-0.0009623696168956199,0.4256774430404469,31.5
65536,11,0.9985208104698279,-0.0014802846110265138,0.4256774430404469,31.5
65536,12,0.9977296746306525,-0.0022729064653473005,0.4256774430404469,31.5
65536,13,0.9965202178826804,-0.0034858506412957196,0.4256774430404469,31.5
65536,14,0.9946724450634657,-0.005341796963309722,0.4256774430404469,31.5
65536,15,0.9918522644376982,-0.008181109766114582,0.4256774430404469,31.5
65536,16,0.9875544467188344,-0.012523647808981967,0.4256774430404469,31.5
65536,17,0.9810199122239569,-0.019162521739025107,0.4256774430404469,31.5
65536,18,0.9711196247497931,-0.029305620802383133,0.4256774430404469,31.5
65536,19,0.95620052165714,-0.04478763723795075,0.4256774430404469,31.5
65536,20,0.9339018198082873,-0.06838396425685539,0.4256774430404469,31.5
65536,21,0.9009849187331269,-0.10426675987889611,0.4256774430404469,31.5
65536,22,0.8532969665604313,-0.15864764839677659,0.4256774430404469,31.5
65536,23,0.7861261818289083,-0.24063796275956373,0.4256774430404469,31.5
65536,24,0.6953797328748458,-0.3632972043903981,0.4256774430404469,31.5
65536,25,0.5800280264410065,-0.5446788551591045,0.4256774430404469,31.5
65536,26,0.44559683771060427,-0.8083406870939656,0.4256774430404469,31.5
65536,27,0.3065979913496019,-1.182217863937045,0.4256774430404469,31.5
65536,28,0.1837551273365097,-1.6941512374063352,0.4256774430404469,31.5
65536,29,0.094181902312178,-2.362527235685457,0.4256774430404469,31.5
65536,30,0.04146423886025661,-3.182923937445286,0.4256774430404469,31.5
65536,31,0.01629444263599052,-4.1169311718808235,0.4256774430404469,31.5
65536,32,0.006137061710789911,-5.093409200095358,0.4256774430404469,31.5
65536,33,0.0024117167648252634,-6.027416434530896,0.4256774430404469,31.5
65536,34,0.0010617751133178142,-6.847813136290725,0.4256774430404469,31.5
65536,35,0.000544202501717792,-7.5161891345698475,0.4256774430404469,31.5
65536,36,0.00032615999719963604,-8.028122508039136,0.4256774430404469,31.5
65536,37,0.00022441810968359184,-8.401999684882217,0.4256774430404469,31.5
65536,38,0.000172405462221524,-8.665661516817078,0.4256774430404469,31.5
65536,39,0.00014380631944301735,-8.847043167585783,0.4256774430404469,31.5
65536,40,0.00012720604186894252,-8.96970240921662,0.4256774430404469,31.5
65536,41,0.00011719249442909864,-9.051692723579405,0.4256774430404469,31.5
65536,42,0.00011098964912821154,-9.106073612097287,0.4256774430404469,31.5
65536,43,0.00010707763694103115,-9.141956407719327,0.4256774430404469,31.5
65536,44,0.00010458057461283899,-9.165552734738231,0.4256774430404469,31.5
65536,45,0.00010297392561268111,-9.181034751173799,0.4256774430404469,31.5
65536,46,0.00010193473012520368,-9.191177850237157,0.4256774430404469,31.5
65536,47,0.00010126023970855647,-9.1978167241672,0.4256774430404469,31.5
65536,48,0.00010082146664926176,-9.202159262210067,0.4256774430404469,31.5
65536,49,0.0001005356089799185,-9.204998575012873,0.4256774430404469,31.5
65536,50,0.00010034919332843168,-9.206854521334888,0.4256774430404469,31.5
65536,51,0.00010022754914753719,-9.208067465510835,0.4256774430404469,31.5
65536,52,0.0001001481380773102,-9.208860087365156,0.4256774430404469,31.5
65536,53,0.00010009628328431224,-9.209378002359287,0.4256774430404469,31.5
65536,54,0.0001000624164990906,-9.209716401695228,0.4256774430404469,31.5
65536,55,0.00010004029525753206,-9.209937500564449,0.4256774430404469,31.5
65536,56,0.00010002584491999355,-9.210081956168489,0.4256774430404469,31.5
65536,57,0.00010001640500623517,-9.21017633536857,0.4256774430404469,31.5
65536,58,0.00010001023803197042,-9.210237996896986,0.4256774430404469,31.5
65536,59,0.00010000620914168301,-9.210278282486945,0.4256774430404469,31.5
65536,60,0.00010000357702732682,-9.210304602342655,0.4256774430404469,31.5
65536,61,0.00010000185742512699,-9.210321797897413,0.4256774430404469,31.5
65536,62,0.00010000073397500812,-9.210333032253038,0.4256774430404469,31.5
65536,63,0.0001,-9.210340371976182,0.4256774430404469,31.5
131072,0,1.0,0.0,0.4575669676770098,31.5
131072,1,0.9999970608041394,-2.939200180029726e-06,0.4575669676770098,31.5
131072,2,0.9999924162360706,-7.583792686280472e-06,0.4575669676770098,31.5
131072,3,0.9999850768290351,-1.4923282316477043e-05,0.4575669676770098,31.5
131072,4,0.9999734790513972,-2.652130028935721e-05,0.4575669676770098,31.5
131072,5,0.9999551522920231,-4.484871366538238e-05,0.4575669676770098,31.5
131072,6,0.9999261927300639,-7.380999382668746e-05,0.4575669676770098,31.5
131072,7,0.9998804321998918,-0.0001195749489075057,0.4575669676770098,31.5
131072,8,0.9998081254822418,-0.00019189292802844506,0.4575669676770098,31.5
131072,9,0.9996938776050099,-0.0003061692600149508,0.4575669676770098,31.5
131072,10,0.9995133726954364,-0.00048674574605652213,0.4575669676770098,31.5
131072,11,0.9992282152689512,-0.0007720827102113579,0.4575669676770098,31.5
131072,12,0.9987778043422795,-0.0012229431479483476,0.4575669676770098,31.5
131072,13,0.998066557613269,-0.001935313899159102,0.4575669676770098,31.5
131072,14,0.9969438844523464,-0.003060795005181233,0.4575669676770098,31.5
131072,15,0.9951729407488761,-0.004838747128851766,0.4575669676770098,31.5
131072,16,0.9923822519237427,-0.007646911319027992,0.4575669676770098,31.5
131072,17,0.9879917314539172,-0.012080950243057345,0.4575669676770098,31.5
131072,18,0.9811018293091143,-0.019079023265438085,0.4575669676770098,31.5
131072,19,0.970333096611395,-0.03011586786405383,0.4575669676770098,31.5
131072,20,0.9536079687353115,-0.04750262623017881,0.4575669676770098,31.5
131072,21,0.9278884618114474,-0.07484374543310192,0.4575669676770098,31.5
131072,22,0.8889469032712854,-0.1177177716059318,0.4575669676770098,31.5
131072,23,0.8313919058862265,-0.18465398773393196,0.4575669676770098,31.5
131072,24,0.7494301143493306,-0.2884422088164651,0.4575669676770098,31.5
131072,25,0.6391145792318722,-0.4476715304567364,0.4575669676770098,31.5
131072,26,0.5025698762316038,-0.6880205915391384,0.4575669676770098,31.5
131072,27,0.3527262432236915,-1.042063037863168,0.4575669676770098,31.5
131072,28,0.21325756571180168,-1.5452546151069666,0.4575669676770098,31.5
131072,29,0.1080422847603958,-2.225232602924829,0.4575669676770098,31.5
131072,30,0.0457740171692701,-3.084038659558235,0.4575669676770098,31.5
131072,31,0.01689627685092114,-4.080661986002972,0.4575669676770098,31.5
131072,32,0.005918463628544792,-5.129678385973209,0.4575669676770098,31.5
131072,33,0.0021846454863291742,-6.1263017124179475,0.4575669676770098,31.5
131072,34,0.0009255635441417115,-6.985107769051354,0.4575669676770098,31.5
131072,35,0.0004689165407390092,-7.665085756869217,0.4575669676770098,31.5
131072,36,0.0002835059821068717,-8.168277334113014,0.4575669676770098,31.5
131072,37,0.00019897730590186843,-8.522319780437044,0.4575669676770098,31.5
131072,38,0.00015646646665483084,-8.762668841519446,0.4575669676770098,31.5
131072,39,0.00013343472337887293,-8.921898163159717,0.4575669676770098,31.5
131072,40,0.00012028021838077026,-9.025686384242249,0.4575669676770098,31.5
131072,41,0.00011249265803391015,-9.09262260037025,0.4575669676770098,31.5
131072,42,0.00010777157397213184,-9.13549662654308,0.4575669676770098,31.5
131072,43,0.00010486489551112018,-9.162837745746003,0.4575669676770098,31.5
131072,44,0.00010305739374367514,-9.180224504112127,0.4575669676770098,31.5
131072,45,0.00010192621908616695,-9.191261348710745,0.4575669676770098,31.5
131072,46,0.00010121542196799676,-9.198259421733125,0.4575669676770098,31.5
131072,47,0.00010076762236139254,-9.202693460657155,0.4575669676770098,31.5
131072,48,0.00010048504727705843,-9.20550162484733,0.4575669676770098,31.5
131072,49,0.0001003065484021032,-9.207279576971,0.4575669676770098,31.5
131072,50,0.00010019371878277895,-9.208405058077023,0.4575669676770098,31.5
131072,51,0.00010012236912478499,-9.209117428828234,0.4575669676770098,31.5
131072,52,0.00010007723808427903,-9.20956828926597,0.4575669676770098,31.5
131072,53,0.0001000486864225989,-9.209853626230126,0.4575669676770098,31.5
131072,54,0.00010003062161346071,-9.210034202716168,0.4575669676770098,31.5
131072,55,0.00010001919113406549,-9.210148479048154,0.4575669676770098,31.5
131072,56,0.00010001195820982763,-9.210220797027276,0.4575669676770098,31.5
131072,57,0.00010000738127178507,-9.210266561982356,0.4575669676770098,31.5
131072,58,0.0001000044849719384,-9.210295523262518,0.4575669676770098,31.5
131072,59,0.0001000026521651984,-9.210313850675892,0.4575669676770098,31.5
131072,60,0.000100001492339367,-9.210325448693865,0.4575669676770098,31.5
131072,61,0.00010000075838214443,-9.210332788183495,0.4575669676770098,31.5
131072,62,0.00010000029392044995,-9.210337432776003,0.4575669676770098,31.5
131072,63,0.0001,-9.210340371976182,0.4575669676770098,31.5
