slot_zero_based,slot_one_based,x,psi,native_frequency,mr_frequency,candidate_frequency,mr_exponent,candidate_exponent_intended,candidate_exponent_realized,exponent_delta_to_mr,frequency_ratio_to_mr,frequency_ratio_to_native
0,1,0.0,-0.0,1.0,1.0,1.0,0.0,0.0,0.0,0.0,1.0,1.0
1,2,0.0,-0.0,0.8146172165870667,0.8146172165870667,0.8146172165870667,0.0,0.0,0.0,0.0,1.0,1.0
2,3,0.0,-0.0,0.663601279258728,0.663601279258728,0.663601279258728,0.0,0.0,0.0,0.0,1.0,1.0
3,4,0.0,-0.0,0.5405809879302979,0.5405809879302979,0.5405809879302979,0.0,0.0,0.0,0.0,1.0,1.0
4,5,0.0,-0.0,0.44036662578582764,0.44036662578582764,0.44036662578582764,0.0,0.0,0.0,0.0,1.0,1.0
5,6,0.0,-0.0,0.3587302267551422,0.3587302267551422,0.3587302267551422,0.0,0.0,0.0,0.0,1.0,1.0
6,7,0.0,-0.0,0.2922278344631195,0.2922278344631195,0.2922278344631195,0.0,0.0,0.0,0.0,1.0,1.0
7,8,0.0,-0.0,0.2380538135766983,0.2380538135766983,0.2380538135766983,0.0,0.0,0.0,0.0,1.0,1.0
8,9,0.0,-0.0,0.193922758102417,0.193922758102417,0.193922758102417,0.0,0.0,0.0,0.0,1.0,1.0
9,10,0.0,-0.0,0.1579728126525879,0.1579728126525879,0.1579728126525879,0.0,0.0,0.0,0.0,1.0,1.0
10,11,0.0,-0.0,0.12868738174438477,0.12868738174438477,0.12868738174438477,0.0,0.0,0.0,0.0,1.0,1.0
11,12,0.0,-0.0,0.10483095049858093,0.10483095049858093,0.10483095049858093,0.0,0.0,0.0,0.0,1.0,1.0
12,13,0.0,-0.0,0.08539710193872452,0.08539710193872452,0.08539710193872452,0.0,0.0,0.0,0.0,1.0,1.0
13,14,0.0,-0.0,0.06956595182418823,0.06956595182418823,0.06956595182418823,0.0,0.0,0.0,0.0,1.0,1.0
14,15,0.0,-0.0,0.05666961893439293,0.05666961893439293,0.05666961893439293,0.0,0.0,0.0,0.0,1.0,1.0
15,16,0.05555555555555555,-0.046639231824417,0.046164050698280334,0.04579131305217743,0.052612826228141785,0.005847942706570654,-0.09432235411147828,-0.09432236511122537,-0.10017029681804894,1.1489695909831523,1.1396925839980865
16,17,0.1111111111111111,-0.07681755829903977,0.03760603070259094,0.03670245036482811,0.046134598553180695,0.017543826893737,-0.1474425443359907,-0.14744253211781383,-0.1649863712297277,1.2569896040889792,1.2267872384096672
17,18,0.16666666666666666,-0.0925925925925926,0.030634520575404167,0.02918005920946598,0.03844291716814041,0.03508773146954909,-0.16377976956628337,-0.16377977143622915,-0.19886750103583245,1.3174379425408969,1.2548888132104619
18,19,0.2222222222222222,-0.09602194787379972,0.02495540864765644,0.023012112826108932,0.030628174543380737,0.05847953979267061,-0.147753424244489,-0.14775342786302226,-0.20623296403715963,1.3309588204621883,1.227316089101872
19,20,0.2777777777777778,-0.08916323731138545,0.020329104736447334,0.018001386895775795,0.023474788293242455,0.0877193104247465,-0.10378272760975883,-0.10378273229702126,-0.19150203803450533,1.3040544280924848,1.1547379285795767
20,21,0.3333333333333333,-0.07407407407407408,0.016560440883040428,0.01396801508963108,0.017414813861250877,0.12280702955502353,-0.036286971273642485,-0.03628698549301759,-0.159094000828666,1.2467636775520432,1.0515911976163277
21,22,0.3888888888888889,-0.05281207133058985,0.013490419834852219,0.010750843212008476,0.012581518851220608,0.1637427145410307,0.05031458432059292,0.050314575495175484,-0.11342813022043778,1.17028205165966,0.9326261899363959
22,23,0.4444444444444444,-0.027434842249657074,0.010989529080688953,0.008207853883504868,0.008906462229788303,0.21052630619383275,0.1516026021832157,0.15160258679280433,-0.058923704010617056,1.085114617803737,0.8104498531642214
23,24,0.5,0.0,0.008952259086072445,0.00621578237041831,0.00621578237041831,0.2631578986837537,0.2631578986837537,0.2631578986837537,0.0,1.0,0.6943255675082692
24,25,0.5555555555555556,0.027434842249657074,0.00729266507551074,0.004669186659157276,0.004302943591028452,0.3216374370102685,0.3805611410208855,0.38056110526663667,0.05892370401061703,0.9215616991000899,0.5900371875678243
25,26,0.6111111111111112,0.05281207133058987,0.005940730683505535,0.003479091450572014,0.0029728657100349665,0.38596489261514644,0.4993930228355843,0.49939304578561466,0.11342813022043785,0.8544948450682961,0.5004208856478112
26,27,0.6666666666666666,0.07407407407407406,0.00483942124992609,0.0025713995564728975,0.0020624594762921333,0.4561403621544045,0.6152343629830704,0.6152343758022941,0.15909400082866593,0.8020766244204925,0.42617895194050986
27,28,0.7222222222222222,0.08916323731138545,0.003942275885492563,0.0018851786153391004,0.0014456288190558553,0.5321637601550452,0.7236657981895505,0.7236657846903242,0.19150203803450527,0.766839177621278,0.3666990492410028
28,29,0.7777777777777778,0.09602194787379972,0.0032114461064338684,0.0013709281338378787,0.0010300304275006056,0.6140350704742015,0.8202680345113611,0.8202680649708537,0.20623296403715963,0.7513380184394214,0.32073726083617726
29,30,0.8333333333333334,0.09259259259259259,0.0026160990819334984,0.0009889081120491028,0.0007506297552026808,0.7017544016300679,0.9006219026659004,0.9006218985142638,0.1988675010358325,0.7590490421271915,0.2869271123507706
30,31,0.8888888888888888,0.0768175582990398,0.002131119603291154,0.0007075815228745341,0.0005629175575450063,0.795321641145386,0.9603080123751137,0.960308005337095,0.1649863712297277,0.7955515221174322,0.26414170123332137
31,32,0.9444444444444444,0.04663923182441703,0.0017360467463731766,0.0005021993420086801,0.00043708671000786126,0.8947368760737942,0.9949071728918432,0.9949071890435524,0.10017029681804901,0.8703450471671597,0.2517712791553518
32,33,1.0,0.0,0.001414213445968926,0.0003535533614922315,0.0003535533614922315,1.0,1.0,1.0,0.0,1.0,0.25
33,34,1.0,0.0,0.001152042648755014,0.0002880106621887535,0.0002880106621887535,1.0,1.0,1.0,0.0,1.0,0.25
34,35,1.0,0.0,0.0009384738514199853,0.00023461846285499632,0.00023461846285499632,1.0,1.0,1.0,0.0,1.0,0.25
35,36,1.0,0.0,0.0007644969737157226,0.00019112424342893064,0.00019112424342893064,1.0,1.0,1.0,0.0,1.0,0.25
36,37,1.0,0.0,0.0006227724370546639,0.00015569310926366597,0.00015569310926366597,1.0,1.0,1.0,0.0,1.0,0.25
37,38,1.0,0.0,0.0005073211505077779,0.00012683028762694448,0.00012683028762694448,1.0,1.0,1.0,0.0,1.0,0.25
38,39,1.0,0.0,0.0004132725589442998,0.00010331813973607495,0.00010331813973607495,1.0,1.0,1.0,0.0,1.0,0.25
39,40,1.0,0.0,0.00033665893715806305,8.416473428951576e-05,8.416473428951576e-05,1.0,1.0,1.0,0.0,1.0,0.25
40,41,1.0,0.0,0.00027424818836152554,6.856204709038138e-05,6.856204709038138e-05,1.0,1.0,1.0,0.0,1.0,0.25
41,42,1.0,0.0,0.00022340727446135134,5.5851818615337834e-05,5.5851818615337834e-05,1.0,1.0,1.0,0.0,1.0,0.25
42,43,1.0,0.0,0.00018199143232777715,4.549785808194429e-05,4.549785808194429e-05,1.0,1.0,1.0,0.0,1.0,0.25
43,44,1.0,0.0,0.00014825335529167205,3.706333882291801e-05,3.706333882291801e-05,1.0,1.0,1.0,0.0,1.0,0.25
44,45,1.0,0.0,0.00012076974235242233,3.0192435588105582e-05,3.0192435588105582e-05,1.0,1.0,1.0,0.0,1.0,0.25
45,46,1.0,0.0,9.838111145654693e-05,2.4595277864136733e-05,2.4595277864136733e-05,1.0,1.0,1.0,0.0,1.0,0.25
46,47,1.0,0.0,8.014294871827587e-05,2.003573717956897e-05,2.003573717956897e-05,1.0,1.0,1.0,0.0,1.0,0.25
47,48,1.0,0.0,6.528582161990926e-05,1.6321455404977314e-05,1.6321455404977314e-05,1.0,1.0,1.0,0.0,1.0,0.25
48,49,1.0,0.0,5.3182957344688475e-05,1.3295739336172119e-05,1.3295739336172119e-05,1.0,1.0,1.0,0.0,1.0,0.25
49,50,1.0,0.0,4.332375465310179e-05,1.0830938663275447e-05,1.0830938663275447e-05,1.0,1.0,1.0,0.0,1.0,0.25
50,51,1.0,0.0,3.529227615217678e-05,8.823069038044196e-06,8.823069038044196e-06,1.0,1.0,1.0,0.0,1.0,0.25
51,52,1.0,0.0,2.8749695047736168e-05,7.187423761934042e-06,7.187423761934042e-06,1.0,1.0,1.0,0.0,1.0,0.25
52,53,1.0,0.0,2.3419997887685895e-05,5.854999471921474e-06,5.854999471921474e-06,1.0,1.0,1.0,0.0,1.0,0.25
53,54,1.0,0.0,1.907833393488545e-05,4.7695834837213624e-06,4.7695834837213624e-06,1.0,1.0,1.0,0.0,1.0,0.25
54,55,1.0,0.0,1.5541540051344782e-05,3.8853850128361955e-06,3.8853850128361955e-06,1.0,1.0,1.0,0.0,1.0,0.25
55,56,1.0,0.0,1.2660406355280429e-05,3.1651015888201073e-06,3.1651015888201073e-06,1.0,1.0,1.0,0.0,1.0,0.25
56,57,1.0,0.0,1.0313385246263351e-05,2.578346311565838e-06,2.578346311565838e-06,1.0,1.0,1.0,0.0,1.0,0.25
57,58,1.0,0.0,8.401460945606232e-06,2.100365236401558e-06,2.100365236401558e-06,1.0,1.0,1.0,0.0,1.0,0.25
58,59,1.0,0.0,6.843975370429689e-06,1.7109938426074223e-06,1.7109938426074223e-06,1.0,1.0,1.0,0.0,1.0,0.25
59,60,1.0,0.0,5.575220257014735e-06,1.3938050642536837e-06,1.3938050642536837e-06,1.0,1.0,1.0,0.0,1.0,0.25
60,61,1.0,0.0,4.541670477919979e-06,1.1354176194799948e-06,1.1354176194799948e-06,1.0,1.0,1.0,0.0,1.0,0.25
61,62,1.0,0.0,3.6997230381530244e-06,9.249307595382561e-07,9.249307595382561e-07,1.0,1.0,1.0,0.0,1.0,0.25
62,63,1.0,0.0,3.01385807688348e-06,7.5346451922087e-07,7.5346451922087e-07,1.0,1.0,1.0,0.0,1.0,0.25
63,64,1.0,0.0,2.4551407022954663e-06,6.137851755738666e-07,6.137851755738666e-07,1.0,1.0,1.0,0.0,1.0,0.25
