slot_zero_based,slot_one_based,mr_exponent,bm_exponent_intended,bm_exponent_realized,exponent_delta_to_mr,native_frequency,mr_frequency,bm_frequency,frequency_ratio_to_mr,native_right_log_gap,mr_right_log_gap,bm_right_log_gap,p2_exponent,p2_frequency,bm_exponent_delta_to_p2
0,1,0.0,0.0,0.0,0.0,1.0,1.0,1.0,1.0,0.2158673114902538,0.2158673114902538,0.2158673114902538,0.0,1.0,0.0
1,2,0.0,0.0,0.0,0.0,0.8058422207832336,0.8058422207832336,0.8058422207832336,1.0,0.21586738421114274,0.21586738421114274,0.21586738421114274,0.0,0.8058422207832336,0.0
2,3,0.0,0.0,0.0,0.0,0.6493816375732422,0.6493816375732422,0.6493816375732422,1.0,0.21586727965071825,0.21586727965071825,0.21586727965071825,0.0,0.6493816375732422,0.0
3,4,0.0,0.0,0.0,0.0,0.5232991576194763,0.5232991576194763,0.5232991576194763,1.0,0.21586740970982818,0.21586740970982818,0.21586740970982818,0.0,0.5232991576194763,0.0
4,5,0.0,0.0,0.0,0.0,0.4216965138912201,0.4216965138912201,0.4216965138912201,1.0,0.215867379869122,0.215867379869122,0.215867379869122,0.0,0.4216965138912201,0.0
5,6,0.0,0.0,0.0,0.0,0.33982083201408386,0.33982083201408386,0.33982083201408386,1.0,0.21586729987475825,0.21586729987475825,0.21586729987475825,0.0,0.33982083201408386,0.0
6,7,0.0,0.0,0.0,0.0,0.2738419771194458,0.2738419771194458,0.2738419771194458,1.0,0.21586744654135542,0.21586744654135542,0.21586744654135542,0.0,0.2738419771194458,0.0
7,8,0.0,0.0,0.0,0.0,0.22067339718341827,0.22067339718341827,0.22067339718341827,1.0,0.21586731746754959,0.21586731746754959,0.21586731746754959,0.0,0.22067339718341827,0.0
8,9,0.0,0.0,0.0,0.0,0.17782793939113617,0.17782793939113617,0.17782793939113617,1.0,0.21586729854328637,0.21586729854328637,0.21586729854328637,0.0,0.17782793939113617,0.0
9,10,0.0,0.0,0.0,0.0,0.14330126345157623,0.14330126345157623,0.14330126345157623,1.0,0.2158673606791589,0.2158673606791589,0.2158673606791589,0.0,0.14330126345157623,0.0
10,11,0.0,0.0,0.0,0.0,0.11547820270061493,0.11547820270061493,0.11547820270061493,1.0,0.21586742973693235,0.21586742973693235,0.21586742973693235,0.0,0.11547820270061493,0.0
11,12,0.0,0.0,0.0,0.0,0.09305720031261444,0.09305720031261444,0.09305720031261444,1.0,0.21586738156125254,0.21586738156125254,0.21586738156125254,0.0,0.09305720031261444,0.0
12,13,0.0,0.0,0.0,0.0,0.07498941570520401,0.07498941570520401,0.07498941570520401,1.0,0.21586720305871354,0.21586720305871354,0.21586720305871354,7.166955573873607e-08,0.07498940825462341,-7.166955573873607e-08
13,14,0.0,0.0,0.0,0.0,0.0604296438395977,0.0604296438395977,0.0604296438395977,1.0,0.21586742967505826,0.21586742967505826,0.21586742967505826,8.89374457941871e-08,0.060429636389017105,-8.89374457941871e-08
14,15,0.0,0.0,0.0,0.0,0.04869675263762474,0.04869675263762474,0.04869675263762474,1.0,0.21586732386305665,0.21586732386305665,0.21586732386305665,2.759146439857692e-07,0.04869673401117325,-2.759146439857692e-07
15,16,0.0,0.0,0.0,0.0,0.03924189880490303,0.03924189880490303,0.03924189880490303,1.0,0.2158673195982634,0.2158673195982634,0.2158673195982634,6.163073486012427e-07,0.039241865277290344,-6.163073486012427e-07
16,17,0.0,0.0,0.0,0.0,0.03162277862429619,0.03162277862429619,0.03162277862429619,1.0,0.21586741579604163,0.21586741579604163,0.21586741579604163,1.3596434312850407e-06,0.03162271901965141,-1.3596434312850407e-06
17,18,0.0,0.0,0.0,0.0,0.025482967495918274,0.025482967495918274,0.025482967495918274,1.0,0.2158673111671226,0.2158673111671226,0.2158673111671226,3.216292010932731e-06,0.02548285387456417,-3.216292010932731e-06
18,19,0.0,0.0,0.0,0.0,0.02053525112569332,0.02053525112569332,0.02053525112569332,1.0,0.21586735572641855,0.21586735572641855,0.21586735572641855,7.655310617019465e-06,0.02053503319621086,-7.655310617019465e-06
19,20,0.0,0.0,0.0,0.0,0.016548171639442444,0.016548171639442444,0.016548171639442444,1.0,0.21586734568826776,0.21586734568826776,0.21586734568826776,1.7781734435186666e-05,0.016547763720154762,-1.7781734435186666e-05
20,21,0.0,0.0,0.0,0.0,0.01333521492779255,0.01333521492779255,0.01333521492779255,1.0,0.21586737163473452,0.21586737163473452,0.21586737163473452,4.151302317706148e-05,0.013334447517991066,-4.151302317706148e-05
21,22,0.0,0.0,0.0,0.0,0.010746078565716743,0.010746078565716743,0.010746078565716743,1.0,0.21586739175274738,0.21586739175274738,0.21586739175274738,9.909546020013291e-05,0.010744602419435978,-9.909546020013291e-05
22,23,0.0,0.0,0.0,0.0,0.00865964312106371,0.00865964312106371,0.00865964312106371,1.0,0.2158673194942719,0.2158673194942719,0.2158673194942719,0.0002313779494949044,0.008656865917146206,-0.0002313779494949044
23,24,0.0,0.0,0.0,0.0,0.006978305988013744,0.006978305988013744,0.006978305988013744,1.0,0.21586737281166749,0.22492811415038755,0.24018836018356024,0.0005593577310363921,0.006972896866500378,-0.0005593577310363921
24,25,0.006535943298074508,0.017543859649122806,0.01754388393547644,0.011007916351048298,0.005623413249850273,0.005572691094130278,0.005488296039402485,0.9848556014854859,0.21586732757367402,0.23398880511541895,0.26164788432541236,0.0013654150825676864,0.005612778943032026,0.01617844456655512
25,26,0.019607826189602676,0.05056759545923633,0.05056757503291077,0.030959769269633654,0.004531583748757839,0.004410064313560724,0.004224791657179594,0.9579886724528197,0.21586733485612894,0.243049617861022,0.28024638283414943,0.0031497664503545952,0.004511839710175991,0.04741782900888174
26,27,0.03921569863520241,0.09700722394220847,0.09700724166043206,0.057791525307006056,0.003651741426438093,0.0034585162065923214,0.0031922422349452972,0.9230091878304701,0.21586739325425944,0.25211032483582213,0.2959834337164383,0.00841115949220986,0.0036094081588089466,0.08859606444999861
27,28,0.06535944746520171,0.15479876160990713,0.15479874879565456,0.08943931414470542,0.002942727180197835,0.0026878169737756252,0.002374388976022601,0.8833893822343319,0.21586730595022582,0.2611710838909469,0.3088592295634761,0.021339287539872017,0.0028569488786160946,0.1334594740700351
28,29,0.09803921534950834,0.2218782249742002,0.22187824231543513,0.12383900962469187,0.0023713738191872835,0.002070019952952862,0.001743476139381528,0.8422508859851701,0.21586746512293734,0.2702319633842483,0.3188738567298729,0.0741308739457372,0.0021397783420979977,0.147747351028463
29,30,0.13725491137051335,0.2961816305469556,0.29618164749103143,0.15892671917644227,0.001910952851176262,0.001579844276420772,0.0012674500467255712,0.8022626442633017,0.21586729791799472,0.2792925092083065,0.32602691390564903,0.22114845601203462,0.0014063885901123285,0.075033174534921
30,31,0.18300653026844718,0.37564499484004127,0.3756450133368421,0.1926384645715941,0.0015399265103042126,0.0011948656756430864,0.0009148273966275156,0.7656319997100495,0.2158672669619739,0.2883532630416894,0.33031879738640746,0.850558755346035,0.00047360098687931895,-0.4749137605059937
31,32,0.23529412380749823,0.4582043343653251,0.4582043410195834,0.22291021055782687,0.0012409378541633487,0.0008955479715950787,0.0006574814906343818,0.7341666906612809,0.21586738024577037,0.2974141084246922,0.3317495866331392,0.9978501759875588,0.0003111604310106486,-0.5396458416222336
32,33,0.2941176539797237,0.541795665634675,0.5417956832607477,0.24767801165495124,0.0010000000474974513,0.0006651560543105006,0.00047185277799144387,0.7093865791848883,0.21586735436485074,0.3064747939353064,0.33031887553553785,0.9999991602414913,0.0002500003029126674,-0.4582034946068163
33,34,0.35947710584769504,0.6243550051599587,0.6243550042683218,0.26487789931226363,0.0008058422245085239,0.000489579513669014,0.00033911800710484385,0.6926719718384879,0.21586735154562034,0.3155355618181579,0.3260269161659983,1.0,0.00020146055612713099,-0.3756449948400413
34,35,0.4313725221949293,0.7038183694530443,0.7038183330604751,0.27244584725811505,0.0006493816617876291,0.0003570983826648444,0.00024477054830640554,0.6854428924595146,0.21586743617990548,0.32459639176895194,0.318873894480753,1.0,0.00016234541544690728,-0.2961816305469557
35,36,0.509803884709606,0.7781217750257998,0.7781217863455594,0.2683178903161938,0.0005232990952208638,0.0002581175067462027,0.0001779401645762846,0.6893765820822316,0.21586735175527674,0.3336571112679981,0.30885926046256107,1.0,0.00013082477380521595,-0.22187822497420018
36,37,0.5947712356678594,0.8452012383900929,0.8452012691129587,0.2504300027222335,0.00042169648804701865,0.00018488940258976072,0.0001306586345890537,0.7066853630273433,0.21586730830550604,0.3427178208168398,0.2959833570433679,1.0,0.00010542412201175466,-0.15479876160990713
37,38,0.6862745383350216,0.9029927760577915,0.9029927822178244,0.21671823772276988,0.0003398208355065435,0.00013124161341693252,9.718386718304828e-05,0.740495827907201,0.21586738327251834,0.3517785829395478,0.2802463243959021,1.0,8.495520887663588e-05,-0.09700722394220851
38,39,0.7843137452154681,0.9494324045407637,0.9494323717660186,0.16511865932529557,0.00027384195709601045,9.232005686499178e-05,7.343189645325765e-05,0.7954056674883113,0.21586726685670693,0.3608391957609323,0.2616479424885765,1.0,6.846048927400261e-05,-0.05056759545923628
39,40,0.8888888866645848,0.9824561403508771,0.9824561486173408,0.09356725368629237,0.00022067342069931328,6.435548857552931e-05,5.652655090671033e-05,0.8783485629258998,0.21586741944923338,0.3699001293238726,0.2401883616933393,1.0,5.516835517482832e-05,-0.01754385964912286
40,41,1.0,1.0,1.0,0.0,0.00017782794020604342,4.4456985051510856e-05,4.4456985051510856e-05,1.0,0.21586728687821302,0.21586728687821302,0.21586728687821302,1.0,4.4456985051510856e-05,0.0
41,42,1.0,1.0,1.0,0.0,0.00014330126577988267,3.582531644497067e-05,3.582531644497067e-05,1.0,0.21586746060035072,0.21586746060035072,0.21586746060035072,1.0,3.582531644497067e-05,0.0
42,43,1.0,1.0,1.0,0.0,0.00011547819303814322,2.8869548259535804e-05,2.8869548259535804e-05,1.0,0.2158672853894777,0.2158672853894777,0.2158672853894777,1.0,2.8869548259535804e-05,0.0
43,44,1.0,1.0,1.0,0.0,9.305720595875755e-05,2.3264301489689387e-05,2.3264301489689387e-05,1.0,0.2158673273558259,0.2158673273558259,0.2158673273558259,1.0,2.3264301489689387e-05,0.0
44,45,1.0,1.0,1.0,0.0,7.498942431993783e-05,1.8747356079984456e-05,1.8747356079984456e-05,1.0,0.21586743930505564,0.21586743930505564,0.21586743930505564,1.0,1.8747356079984456e-05,0.0
45,46,1.0,1.0,1.0,0.0,6.042963650543243e-05,1.5107409126358107e-05,1.5107409126358107e-05,1.0,0.21586726647222948,0.21586726647222948,0.21586726647222948,1.0,1.5107409126358107e-05,0.0
46,47,1.0,1.0,1.0,0.0,4.869675467489287e-05,1.2174188668723218e-05,1.2174188668723218e-05,1.0,0.2158673664405187,0.2158673664405187,0.2158673664405187,1.0,1.2174188668723218e-05,0.0
47,48,1.0,1.0,1.0,0.0,3.92418987757992e-05,9.8104746939498e-06,9.8104746939498e-06,1.0,0.2158674569082015,0.2158674569082015,0.2158674569082015,1.0,9.8104746939498e-06,0.0
48,49,1.0,1.0,1.0,0.0,3.162277425872162e-05,7.905693564680405e-06,7.905693564680405e-06,1.0,0.2158673160044516,0.2158673160044516,0.2158673160044516,1.0,7.905693564680405e-06,0.0
49,50,1.0,1.0,1.0,0.0,2.5482966520939954e-05,6.370741630234988e-06,6.370741630234988e-06,1.0,0.21586733455802007,0.21586733455802007,0.21586733455802007,1.0,6.370741630234988e-06,0.0
50,51,1.0,1.0,1.0,0.0,2.0535249859676696e-05,5.133812464919174e-06,5.133812464919174e-06,1.0,0.21586735651057629,0.21586735651057629,0.21586735651057629,1.0,5.133812464919174e-06,0.0
51,52,1.0,1.0,1.0,0.0,1.6548170606256463e-05,4.137042651564116e-06,4.137042651564116e-06,1.0,0.21586734272577485,0.21586734272577485,0.21586734272577485,1.0,4.137042651564116e-06,0.0
52,53,1.0,1.0,1.0,0.0,1.333521413471317e-05,3.3338035336782923e-06,3.3338035336782923e-06,1.0,0.215867340599543,0.215867340599543,0.215867340599543,1.0,3.3338035336782923e-06,0.0
53,54,1.0,1.0,1.0,0.0,1.0746078260126524e-05,2.686519565031631e-06,2.686519565031631e-06,1.0,0.2158672902167184,0.2158672902167184,0.2158672902167184,1.0,2.686519565031631e-06,0.0
54,55,1.0,1.0,1.0,0.0,8.659643754072022e-06,2.1649109385180054e-06,2.1649109385180054e-06,1.0,0.2158673373322772,0.2158673373322772,0.2158673373322772,1.0,2.1649109385180054e-06,0.0
55,56,1.0,1.0,1.0,0.0,6.978306373639498e-06,1.7445765934098745e-06,1.7445765934098745e-06,1.0,0.21586738860932964,0.21586738860932964,0.21586738860932964,1.0,1.7445765934098745e-06,0.0
56,57,1.0,1.0,1.0,0.0,5.62341347176698e-06,1.405853367941745e-06,1.405853367941745e-06,1.0,0.21586737185349536,0.21586737185349536,0.21586737185349536,1.0,1.405853367941745e-06,0.0
57,58,1.0,1.0,1.0,0.0,4.531583726929966e-06,1.1328959317324916e-06,1.1328959317324916e-06,1.0,0.2158673698885474,0.2158673698885474,0.2158673698885474,1.0,1.1328959317324916e-06,0.0
58,59,1.0,1.0,1.0,0.0,3.651741280918941e-06,9.129353202297352e-07,9.129353202297352e-07,1.0,0.21586735402314042,0.21586735402314042,0.21586735402314042,1.0,9.129353202297352e-07,0.0
59,60,1.0,1.0,1.0,0.0,2.9427271783788456e-06,7.356817945947114e-07,7.356817945947114e-07,1.0,0.21586733908279918,0.21586733908279918,0.21586733908279918,1.0,7.356817945947114e-07,0.0
60,61,1.0,1.0,1.0,0.0,2.3713737391517498e-06,5.928434347879374e-07,5.928434347879374e-07,1.0,0.21586737425969885,0.21586737425969885,0.21586737425969885,1.0,5.928434347879374e-07,0.0
61,62,1.0,1.0,1.0,0.0,1.910952960315626e-06,4.777382400789065e-07,4.777382400789065e-07,1.0,0.21586734262773716,0.21586734262773716,0.21586734262773716,1.0,4.777382400789065e-07,0.0
62,63,1.0,1.0,1.0,0.0,1.5399265294036013e-06,3.8498163235090033e-07,3.8498163235090033e-07,1.0,0.2158673526556834,0.2158673526556834,0.2158673526556834,1.0,3.8498163235090033e-07,0.0
63,64,1.0,1.0,1.0,0.0,1.2409377632138785e-06,3.102344408034696e-07,3.102344408034696e-07,1.0,,,,1.0,3.102344408034696e-07,0.0
