stage,run_id,config_id,tier,seq_len,num_heads,head_dim,tau,theory_tau,seed,train_tokens,eval_lengths,passkey_lengths,passkey_trials,completed_at,train_time_sec,eval_time_sec,inv_freq_hash,ppl_json,passkey_summary_json
pilot,pilot_L256_H4_Dh128_tau0.00_seed42,L256_H4_Dh128,50m,256,4,128,0.0,8.0,42,8388608,"[256,512,1024,2048]","[512,1024]",8,2026-03-06 19:00:47,651.59,4.78,8af61aed5474208f,"{""1024"":521.1342,""2048"":472.8989,""256"":369.1618,""512"":412.6685}","{""L=1024_d=0.5"":{""ar_exact_match_rate"":0.0,""mean_nll_gap"":0.0056,""retrieval_rate"":0.5,""trials"":8},""L=512_d=0.5"":{""ar_exact_match_rate"":0.0,""mean_nll_gap"":0.0427,""retrieval_rate"":0.625,""trials"":8}}"
pilot,pilot_L256_H4_Dh128_tau6.00_seed42,L256_H4_Dh128,50m,256,4,128,6.0,8.0,42,8388608,"[256,512,1024,2048]","[512,1024]",8,2026-03-06 19:12:52,716.53,4.44,9d665a76f4f85923,"{""1024"":527.2945,""2048"":482.5033,""256"":384.5109,""512"":423.0491}","{""L=1024_d=0.5"":{""ar_exact_match_rate"":0.0,""mean_nll_gap"":0.0854,""retrieval_rate"":0.75,""trials"":8},""L=512_d=0.5"":{""ar_exact_match_rate"":0.0,""mean_nll_gap"":0.0349,""retrieval_rate"":0.75,""trials"":8}}"
pilot,pilot_L256_H4_Dh128_tau8.00_seed42,L256_H4_Dh128,50m,256,4,128,8.0,8.0,42,8388608,"[256,512,1024,2048]","[512,1024]",8,2026-03-06 19:25:02,720.65,4.44,63fb3b705926604a,"{""1024"":497.2267,""2048"":452.7605,""256"":348.5226,""512"":392.88}","{""L=1024_d=0.5"":{""ar_exact_match_rate"":0.0,""mean_nll_gap"":0.0548,""retrieval_rate"":0.75,""trials"":8},""L=512_d=0.5"":{""ar_exact_match_rate"":0.0,""mean_nll_gap"":-0.0222,""retrieval_rate"":0.375,""trials"":8}}"
pilot,pilot_L256_H4_Dh128_tau10.00_seed42,L256_H4_Dh128,50m,256,4,128,10.0,8.0,42,8388608,"[256,512,1024,2048]","[512,1024]",8,2026-03-06 19:36:52,701.71,4.24,6e17f38d8890418c,"{""1024"":485.8655,""2048"":439.3788,""256"":338.954,""512"":376.39}","{""L=1024_d=0.5"":{""ar_exact_match_rate"":0.0,""mean_nll_gap"":0.0413,""retrieval_rate"":0.75,""trials"":8},""L=512_d=0.5"":{""ar_exact_match_rate"":0.0,""mean_nll_gap"":0.0706,""retrieval_rate"":0.75,""trials"":8}}"
pilot,pilot_L256_H4_Dh128_tau12.00_seed42,L256_H4_Dh128,50m,256,4,128,12.0,8.0,42,8388608,"[256,512,1024,2048]","[512,1024]",8,2026-03-06 19:47:49,646.95,4.2,6c71d022b8a1b7a6,"{""1024"":530.1967,""2048"":479.4098,""256"":361.8431,""512"":412.0875}","{""L=1024_d=0.5"":{""ar_exact_match_rate"":0.0,""mean_nll_gap"":0.109,""retrieval_rate"":0.75,""trials"":8},""L=512_d=0.5"":{""ar_exact_match_rate"":0.0,""mean_nll_gap"":0.1449,""retrieval_rate"":1.0,""trials"":8}}"
pilot,pilot_L256_H8_Dh64_tau0.00_seed42,L256_H8_Dh64,50m,256,8,64,0.0,4.0,42,8388608,"[256,512,1024,2048]","[512,1024]",8,2026-03-06 19:59:19,673.23,4.98,88654f1fe2a414d3,"{""1024"":528.9608,""2048"":492.083,""256"":379.8216,""512"":425.9049}","{""L=1024_d=0.5"":{""ar_exact_match_rate"":0.0,""mean_nll_gap"":-0.0298,""retrieval_rate"":0.5,""trials"":8},""L=512_d=0.5"":{""ar_exact_match_rate"":0.0,""mean_nll_gap"":0.1719,""retrieval_rate"":0.75,""trials"":8}}"
pilot,pilot_L256_H8_Dh64_tau3.00_seed42,L256_H8_Dh64,50m,256,8,64,3.0,4.0,42,8388608,"[256,512,1024,2048]","[512,1024]",8,2026-03-06 20:11:05,693.9,4.84,514ce7a3f617989a,"{""1024"":530.3688,""2048"":487.6103,""256"":380.555,""512"":421.9606}","{""L=1024_d=0.5"":{""ar_exact_match_rate"":0.0,""mean_nll_gap"":0.0163,""retrieval_rate"":0.625,""trials"":8},""L=512_d=0.5"":{""ar_exact_match_rate"":0.0,""mean_nll_gap"":0.1222,""retrieval_rate"":0.875,""trials"":8}}"
pilot,pilot_L256_H8_Dh64_tau4.00_seed42,L256_H8_Dh64,50m,256,8,64,4.0,4.0,42,8388608,"[256,512,1024,2048]","[512,1024]",8,2026-03-06 20:22:50,692.91,4.77,78ebc7bc32db94cc,"{""1024"":507.6234,""2048"":471.0178,""256"":372.8532,""512"":401.4768}","{""L=1024_d=0.5"":{""ar_exact_match_rate"":0.0,""mean_nll_gap"":0.0713,""retrieval_rate"":0.5,""trials"":8},""L=512_d=0.5"":{""ar_exact_match_rate"":0.0,""mean_nll_gap"":0.1315,""retrieval_rate"":0.625,""trials"":8}}"
pilot,pilot_L256_H8_Dh64_tau5.00_seed42,L256_H8_Dh64,50m,256,8,64,5.0,4.0,42,8388608,"[256,512,1024,2048]","[512,1024]",8,2026-03-06 20:34:28,686.42,4.74,1749296c29fa0662,"{""1024"":528.2096,""2048"":480.0364,""256"":373.2342,""512"":415.7604}","{""L=1024_d=0.5"":{""ar_exact_match_rate"":0.0,""mean_nll_gap"":0.0638,""retrieval_rate"":0.5,""trials"":8},""L=512_d=0.5"":{""ar_exact_match_rate"":0.0,""mean_nll_gap"":0.0321,""retrieval_rate"":0.75,""trials"":8}}"
pilot,pilot_L256_H8_Dh64_tau6.00_seed42,L256_H8_Dh64,50m,256,8,64,6.0,4.0,42,8388608,"[256,512,1024,2048]","[512,1024]",8,2026-03-06 20:46:27,707.41,5.18,59728d815a17437b,"{""1024"":532.1021,""2048"":485.9935,""256"":381.5913,""512"":428.316}","{""L=1024_d=0.5"":{""ar_exact_match_rate"":0.0,""mean_nll_gap"":0.0649,""retrieval_rate"":0.625,""trials"":8},""L=512_d=0.5"":{""ar_exact_match_rate"":0.0,""mean_nll_gap"":0.0359,""retrieval_rate"":0.75,""trials"":8}}"
pilot,pilot_L256_H16_Dh32_tau0.00_seed42,L256_H16_Dh32,50m,256,16,32,0.0,2.0,42,8388608,"[256,512,1024,2048]","[512,1024]",8,2026-03-06 20:58:57,727.12,6.27,692c6b49afbbd659,"{""1024"":597.2532,""2048"":577.8112,""256"":439.0611,""512"":478.6529}","{""L=1024_d=0.5"":{""ar_exact_match_rate"":0.0,""mean_nll_gap"":0.0591,""retrieval_rate"":0.75,""trials"":8},""L=512_d=0.5"":{""ar_exact_match_rate"":0.0,""mean_nll_gap"":0.0786,""retrieval_rate"":0.625,""trials"":8}}"
pilot,pilot_L256_H16_Dh32_tau1.50_seed42,L256_H16_Dh32,50m,256,16,32,1.5,2.0,42,8388608,"[256,512,1024,2048]","[512,1024]",8,2026-03-06 21:11:22,727.88,5.75,b480952fb40bfcf6,"{""1024"":542.0448,""2048"":521.7806,""256"":373.8819,""512"":418.1886}","{""L=1024_d=0.5"":{""ar_exact_match_rate"":0.0,""mean_nll_gap"":-0.0029,""retrieval_rate"":0.625,""trials"":8},""L=512_d=0.5"":{""ar_exact_match_rate"":0.0,""mean_nll_gap"":0.1712,""retrieval_rate"":0.875,""trials"":8}}"
pilot,pilot_L256_H16_Dh32_tau2.00_seed42,L256_H16_Dh32,50m,256,16,32,2.0,2.0,42,8388608,"[256,512,1024,2048]","[512,1024]",8,2026-03-06 21:23:40,721.78,5.74,4ff30ba6c9ce317c,"{""1024"":536.0751,""2048"":512.2352,""256"":380.1636,""512"":416.641}","{""L=1024_d=0.5"":{""ar_exact_match_rate"":0.0,""mean_nll_gap"":0.0565,""retrieval_rate"":0.5,""trials"":8},""L=512_d=0.5"":{""ar_exact_match_rate"":0.0,""mean_nll_gap"":0.0612,""retrieval_rate"":0.5,""trials"":8}}"
pilot,pilot_L256_H16_Dh32_tau2.50_seed42,L256_H16_Dh32,50m,256,16,32,2.5,2.0,42,8388608,"[256,512,1024,2048]","[512,1024]",8,2026-03-06 21:36:06,734.84,5.81,8705811f91cee062,"{""1024"":542.3206,""2048"":512.7274,""256"":381.8714,""512"":424.8757}","{""L=1024_d=0.5"":{""ar_exact_match_rate"":0.0,""mean_nll_gap"":0.1501,""retrieval_rate"":0.625,""trials"":8},""L=512_d=0.5"":{""ar_exact_match_rate"":0.0,""mean_nll_gap"":0.157,""retrieval_rate"":0.75,""trials"":8}}"
pilot,pilot_L256_H16_Dh32_tau3.00_seed42,L256_H16_Dh32,50m,256,16,32,3.0,2.0,42,8388608,"[256,512,1024,2048]","[512,1024]",8,2026-03-06 21:48:36,733.96,5.75,f0ca31fbfcf57819,"{""1024"":546.8673,""2048"":512.6423,""256"":382.7246,""512"":431.7631}","{""L=1024_d=0.5"":{""ar_exact_match_rate"":0.0,""mean_nll_gap"":0.0843,""retrieval_rate"":0.625,""trials"":8},""L=512_d=0.5"":{""ar_exact_match_rate"":0.0,""mean_nll_gap"":0.0331,""retrieval_rate"":0.625,""trials"":8}}"
pilot,pilot_L512_H4_Dh128_tau0.00_seed42,L512_H4_Dh128,50m,512,4,128,0.0,5.66,42,8388608,"[512,1024,2048,4096]","[1024,2048]",8,2026-03-06 22:00:51,713.8,9.98,8af61aed5474208f,"{""1024"":470.9644,""2048"":488.2152,""4096"":465.5685,""512"":476.1992}","{""L=1024_d=0.5"":{""ar_exact_match_rate"":0.0,""mean_nll_gap"":-0.0202,""retrieval_rate"":0.625,""trials"":8},""L=2048_d=0.5"":{""ar_exact_match_rate"":0.0,""mean_nll_gap"":0.0397,""retrieval_rate"":0.5,""trials"":8}}"
pilot,pilot_L512_H4_Dh128_tau4.24_seed42,L512_H4_Dh128,50m,512,4,128,4.24,5.66,42,8388608,"[512,1024,2048,4096]","[1024,2048]",8,2026-03-06 22:12:57,716.17,9.93,606fa156d9115990,"{""1024"":453.3273,""2048"":473.0905,""4096"":446.6331,""512"":446.7438}","{""L=1024_d=0.5"":{""ar_exact_match_rate"":0.0,""mean_nll_gap"":-0.0202,""retrieval_rate"":0.375,""trials"":8},""L=2048_d=0.5"":{""ar_exact_match_rate"":0.0,""mean_nll_gap"":0.1506,""retrieval_rate"":0.75,""trials"":8}}"
pilot,pilot_L512_H4_Dh128_tau5.66_seed42,L512_H4_Dh128,50m,512,4,128,5.66,5.66,42,8388608,"[512,1024,2048,4096]","[1024,2048]",8,2026-03-06 22:25:04,716.54,9.98,8a23105f16618669,"{""1024"":454.0149,""2048"":489.6349,""4096"":459.4846,""512"":460.9764}","{""L=1024_d=0.5"":{""ar_exact_match_rate"":0.0,""mean_nll_gap"":-0.0862,""retrieval_rate"":0.5,""trials"":8},""L=2048_d=0.5"":{""ar_exact_match_rate"":0.0,""mean_nll_gap"":0.1374,""retrieval_rate"":0.625,""trials"":8}}"
pilot,pilot_L512_H4_Dh128_tau7.07_seed42,L512_H4_Dh128,50m,512,4,128,7.07,5.66,42,8388608,"[512,1024,2048,4096]","[1024,2048]",8,2026-03-06 22:37:11,717.17,9.88,50edd7dae8ea62e0,"{""1024"":482.1777,""2048"":520.4972,""4096"":496.4256,""512"":511.7915}","{""L=1024_d=0.5"":{""ar_exact_match_rate"":0.0,""mean_nll_gap"":-0.1599,""retrieval_rate"":0.25,""trials"":8},""L=2048_d=0.5"":{""ar_exact_match_rate"":0.0,""mean_nll_gap"":-0.0408,""retrieval_rate"":0.5,""trials"":8}}"
pilot,pilot_L512_H4_Dh128_tau8.49_seed42,L512_H4_Dh128,50m,512,4,128,8.49,5.66,42,8388608,"[512,1024,2048,4096]","[1024,2048]",8,2026-03-06 22:49:17,716.17,9.9,2e6b8adc47530cd3,"{""1024"":484.0199,""2048"":517.4468,""4096"":489.1501,""512"":496.6481}","{""L=1024_d=0.5"":{""ar_exact_match_rate"":0.0,""mean_nll_gap"":-0.036,""retrieval_rate"":0.5,""trials"":8},""L=2048_d=0.5"":{""ar_exact_match_rate"":0.0,""mean_nll_gap"":0.0547,""retrieval_rate"":0.625,""trials"":8}}"
pilot,pilot_L512_H8_Dh64_tau0.00_seed42,L512_H8_Dh64,50m,512,8,64,0.0,2.83,42,8388608,"[512,1024,2048,4096]","[1024,2048]",8,2026-03-06 23:01:28,704.1,11.92,88654f1fe2a414d3,"{""1024"":494.4954,""2048"":518.5116,""4096"":492.1162,""512"":489.7513}","{""L=1024_d=0.5"":{""ar_exact_match_rate"":0.0,""mean_nll_gap"":0.015,""retrieval_rate"":0.625,""trials"":8},""L=2048_d=0.5"":{""ar_exact_match_rate"":0.0,""mean_nll_gap"":0.0824,""retrieval_rate"":0.5,""trials"":8}}"
pilot,pilot_L512_H8_Dh64_tau2.12_seed42,L512_H8_Dh64,50m,512,8,64,2.12,2.83,42,8388608,"[512,1024,2048,4096]","[1024,2048]",8,2026-03-06 23:13:25,704.95,12.27,d85721c5aa6a30d4,"{""1024"":456.1108,""2048"":469.3489,""4096"":444.3875,""512"":426.9269}","{""L=1024_d=0.5"":{""ar_exact_match_rate"":0.0,""mean_nll_gap"":0.0083,""retrieval_rate"":0.5,""trials"":8},""L=2048_d=0.5"":{""ar_exact_match_rate"":0.0,""mean_nll_gap"":0.1162,""retrieval_rate"":0.875,""trials"":8}}"
pilot,pilot_L512_H8_Dh64_tau2.83_seed42,L512_H8_Dh64,50m,512,8,64,2.83,2.83,42,8388608,"[512,1024,2048,4096]","[1024,2048]",8,2026-03-06 23:25:21,703.92,11.96,c1fb591de60ec684,"{""1024"":468.9187,""2048"":494.7249,""4096"":465.2862,""512"":472.1733}","{""L=1024_d=0.5"":{""ar_exact_match_rate"":0.0,""mean_nll_gap"":-0.0894,""retrieval_rate"":0.375,""trials"":8},""L=2048_d=0.5"":{""ar_exact_match_rate"":0.0,""mean_nll_gap"":0.1193,""retrieval_rate"":0.75,""trials"":8}}"
pilot,pilot_L512_H8_Dh64_tau3.54_seed42,L512_H8_Dh64,50m,512,8,64,3.54,2.83,42,8388608,"[512,1024,2048,4096]","[1024,2048]",8,2026-03-06 23:37:16,702.37,12.18,460094140c4e92a5,"{""1024"":458.3288,""2048"":478.7563,""4096"":458.2504,""512"":456.1495}","{""L=1024_d=0.5"":{""ar_exact_match_rate"":0.0,""mean_nll_gap"":-0.0339,""retrieval_rate"":0.25,""trials"":8},""L=2048_d=0.5"":{""ar_exact_match_rate"":0.0,""mean_nll_gap"":0.015,""retrieval_rate"":0.625,""trials"":8}}"
pilot,pilot_L512_H8_Dh64_tau4.24_seed42,L512_H8_Dh64,50m,512,8,64,4.24,2.83,42,8388608,"[512,1024,2048,4096]","[1024,2048]",8,2026-03-06 23:49:08,700.92,11.74,f3529f8284b8cde4,"{""1024"":436.4616,""2048"":460.5661,""4096"":433.3734,""512"":424.455}","{""L=1024_d=0.5"":{""ar_exact_match_rate"":0.0,""mean_nll_gap"":0.0248,""retrieval_rate"":0.625,""trials"":8},""L=2048_d=0.5"":{""ar_exact_match_rate"":0.0,""mean_nll_gap"":0.0157,""retrieval_rate"":0.5,""trials"":8}}"
pilot,pilot_L512_H16_Dh32_tau0.00_seed42,L512_H16_Dh32,50m,512,16,32,0.0,1.41,42,8388608,"[512,1024,2048,4096]","[1024,2048]",8,2026-03-07 00:02:22,762.9,16.15,692c6b49afbbd659,"{""1024"":496.7133,""2048"":514.5522,""4096"":502.3556,""512"":477.7061}","{""L=1024_d=0.5"":{""ar_exact_match_rate"":0.0,""mean_nll_gap"":0.1123,""retrieval_rate"":0.625,""trials"":8},""L=2048_d=0.5"":{""ar_exact_match_rate"":0.0,""mean_nll_gap"":0.0193,""retrieval_rate"":0.625,""trials"":8}}"
pilot,pilot_L512_H16_Dh32_tau1.06_seed42,L512_H16_Dh32,50m,512,16,32,1.06,1.41,42,8388608,"[512,1024,2048,4096]","[1024,2048]",8,2026-03-07 00:15:20,761.48,16.08,a28e7fce0a1794f5,"{""1024"":478.5613,""2048"":492.2249,""4096"":473.9971,""512"":453.6748}","{""L=1024_d=0.5"":{""ar_exact_match_rate"":0.0,""mean_nll_gap"":0.0021,""retrieval_rate"":0.5,""trials"":8},""L=2048_d=0.5"":{""ar_exact_match_rate"":0.0,""mean_nll_gap"":0.0467,""retrieval_rate"":0.5,""trials"":8}}"
pilot,pilot_L512_H16_Dh32_tau1.41_seed42,L512_H16_Dh32,50m,512,16,32,1.41,1.41,42,8388608,"[512,1024,2048,4096]","[1024,2048]",8,2026-03-07 00:28:17,761.58,16.07,0ea566e18b94b1fc,"{""1024"":475.8731,""2048"":509.4895,""4096"":490.902,""512"":456.2753}","{""L=1024_d=0.5"":{""ar_exact_match_rate"":0.0,""mean_nll_gap"":0.0193,""retrieval_rate"":0.625,""trials"":8},""L=2048_d=0.5"":{""ar_exact_match_rate"":0.0,""mean_nll_gap"":0.0298,""retrieval_rate"":0.5,""trials"":8}}"
pilot,pilot_L512_H16_Dh32_tau1.77_seed42,L512_H16_Dh32,50m,512,16,32,1.77,1.41,42,8388608,"[512,1024,2048,4096]","[1024,2048]",8,2026-03-07 00:41:15,761.29,15.99,541b43b6a2006a12,"{""1024"":457.8542,""2048"":487.9225,""4096"":472.6182,""512"":447.691}","{""L=1024_d=0.5"":{""ar_exact_match_rate"":0.0,""mean_nll_gap"":0.0578,""retrieval_rate"":0.625,""trials"":8},""L=2048_d=0.5"":{""ar_exact_match_rate"":0.0,""mean_nll_gap"":0.0429,""retrieval_rate"":0.375,""trials"":8}}"
pilot,pilot_L512_H16_Dh32_tau2.12_seed42,L512_H16_Dh32,50m,512,16,32,2.12,1.41,42,8388608,"[512,1024,2048,4096]","[1024,2048]",8,2026-03-07 00:54:12,761.3,16.01,f3a8fcf1d31eba39,"{""1024"":472.7201,""2048"":499.877,""4096"":477.2247,""512"":465.3004}","{""L=1024_d=0.5"":{""ar_exact_match_rate"":0.0,""mean_nll_gap"":0.0644,""retrieval_rate"":0.5,""trials"":8},""L=2048_d=0.5"":{""ar_exact_match_rate"":0.0,""mean_nll_gap"":-0.0406,""retrieval_rate"":0.25,""trials"":8}}"
pilot,pilot_L1024_H4_Dh128_tau0.00_seed42,L1024_H4_Dh128,50m,1024,4,128,0.0,4.0,42,8388608,"[1024,2048,4096,8192]","[2048,4096]",8,2026-03-07 01:06:53,718.62,26.52,8af61aed5474208f,"{""1024"":490.9575,""2048"":497.5046,""4096"":509.8781,""8192"":516.9494}","{""L=2048_d=0.5"":{""ar_exact_match_rate"":0.0,""mean_nll_gap"":0.187,""retrieval_rate"":0.875,""trials"":8},""L=4096_d=0.5"":{""ar_exact_match_rate"":0.0,""mean_nll_gap"":-0.3532,""retrieval_rate"":0.25,""trials"":8}}"
pilot,pilot_L1024_H4_Dh128_tau3.00_seed42,L1024_H4_Dh128,50m,1024,4,128,3.0,4.0,42,8388608,"[1024,2048,4096,8192]","[2048,4096]",8,2026-03-07 01:19:21,721.37,26.71,8b10ee3d253526e4,"{""1024"":468.6847,""2048"":488.0091,""4096"":500.8756,""8192"":506.1513}","{""L=2048_d=0.5"":{""ar_exact_match_rate"":0.0,""mean_nll_gap"":0.282,""retrieval_rate"":0.625,""trials"":8},""L=4096_d=0.5"":{""ar_exact_match_rate"":0.0,""mean_nll_gap"":-0.4997,""retrieval_rate"":0.25,""trials"":8}}"
pilot,pilot_L1024_H4_Dh128_tau4.00_seed42,L1024_H4_Dh128,50m,1024,4,128,4.0,4.0,42,8388608,"[1024,2048,4096,8192]","[2048,4096]",8,2026-03-07 01:31:51,723.07,26.61,cd63695be12df2b3,"{""1024"":505.1488,""2048"":513.7236,""4096"":528.2946,""8192"":529.7143}","{""L=2048_d=0.5"":{""ar_exact_match_rate"":0.0,""mean_nll_gap"":0.1205,""retrieval_rate"":0.75,""trials"":8},""L=4096_d=0.5"":{""ar_exact_match_rate"":0.0,""mean_nll_gap"":-0.2479,""retrieval_rate"":0.375,""trials"":8}}"
pilot,pilot_L1024_H4_Dh128_tau5.00_seed42,L1024_H4_Dh128,50m,1024,4,128,5.0,4.0,42,8388608,"[1024,2048,4096,8192]","[2048,4096]",8,2026-03-07 01:44:19,721.85,26.68,991f72bf01e48210,"{""1024"":469.627,""2048"":474.8391,""4096"":487.0656,""8192"":498.4479}","{""L=2048_d=0.5"":{""ar_exact_match_rate"":0.0,""mean_nll_gap"":0.119,""retrieval_rate"":0.75,""trials"":8},""L=4096_d=0.5"":{""ar_exact_match_rate"":0.0,""mean_nll_gap"":-0.3449,""retrieval_rate"":0.125,""trials"":8}}"
pilot,pilot_L1024_H4_Dh128_tau6.00_seed42,L1024_H4_Dh128,50m,1024,4,128,6.0,4.0,42,8388608,"[1024,2048,4096,8192]","[2048,4096]",8,2026-03-07 01:56:47,720.44,26.7,9d665a76f4f85923,"{""1024"":479.841,""2048"":487.4092,""4096"":507.148,""8192"":508.0994}","{""L=2048_d=0.5"":{""ar_exact_match_rate"":0.0,""mean_nll_gap"":0.1194,""retrieval_rate"":0.625,""trials"":8},""L=4096_d=0.5"":{""ar_exact_match_rate"":0.0,""mean_nll_gap"":-0.3241,""retrieval_rate"":0.0,""trials"":8}}"
pilot,pilot_L1024_H8_Dh64_tau0.00_seed42,L1024_H8_Dh64,50m,1024,8,64,0.0,2.0,42,8388608,"[1024,2048,4096,8192]","[2048,4096]",8,2026-03-07 02:10:15,756.77,34.29,88654f1fe2a414d3,"{""1024"":508.7561,""2048"":507.6997,""4096"":523.8156,""8192"":548.0045}","{""L=2048_d=0.5"":{""ar_exact_match_rate"":0.0,""mean_nll_gap"":0.012,""retrieval_rate"":0.5,""trials"":8},""L=4096_d=0.5"":{""ar_exact_match_rate"":0.0,""mean_nll_gap"":-0.1285,""retrieval_rate"":0.375,""trials"":8}}"
pilot,pilot_L1024_H8_Dh64_tau1.50_seed42,L1024_H8_Dh64,50m,1024,8,64,1.5,2.0,42,8388608,"[1024,2048,4096,8192]","[2048,4096]",8,2026-03-07 02:23:23,754.28,34.04,129bc828f2bd246e,"{""1024"":499.3033,""2048"":508.4588,""4096"":515.2729,""8192"":539.7159}","{""L=2048_d=0.5"":{""ar_exact_match_rate"":0.0,""mean_nll_gap"":0.2818,""retrieval_rate"":0.5,""trials"":8},""L=4096_d=0.5"":{""ar_exact_match_rate"":0.0,""mean_nll_gap"":-0.3488,""retrieval_rate"":0.125,""trials"":8}}"
pilot,pilot_L1024_H8_Dh64_tau2.00_seed42,L1024_H8_Dh64,50m,1024,8,64,2.0,2.0,42,8388608,"[1024,2048,4096,8192]","[2048,4096]",8,2026-03-07 02:36:30,753.14,33.99,8cb894ddc2e5628a,"{""1024"":486.1574,""2048"":485.711,""4096"":499.8154,""8192"":523.6005}","{""L=2048_d=0.5"":{""ar_exact_match_rate"":0.0,""mean_nll_gap"":0.1026,""retrieval_rate"":0.625,""trials"":8},""L=4096_d=0.5"":{""ar_exact_match_rate"":0.0,""mean_nll_gap"":-0.2421,""retrieval_rate"":0.125,""trials"":8}}"
pilot,pilot_L1024_H8_Dh64_tau2.50_seed42,L1024_H8_Dh64,50m,1024,8,64,2.5,2.0,42,8388608,"[1024,2048,4096,8192]","[2048,4096]",8,2026-03-07 02:49:38,753.53,34.23,98eb8df289452c77,"{""1024"":477.4239,""2048"":473.0853,""4096"":487.3365,""8192"":507.8817}","{""L=2048_d=0.5"":{""ar_exact_match_rate"":0.0,""mean_nll_gap"":0.075,""retrieval_rate"":0.625,""trials"":8},""L=4096_d=0.5"":{""ar_exact_match_rate"":0.0,""mean_nll_gap"":-0.0218,""retrieval_rate"":0.5,""trials"":8}}"
pilot,pilot_L1024_H8_Dh64_tau3.00_seed42,L1024_H8_Dh64,50m,1024,8,64,3.0,2.0,42,8388608,"[1024,2048,4096,8192]","[2048,4096]",8,2026-03-07 03:02:43,750.9,34.26,514ce7a3f617989a,"{""1024"":498.6198,""2048"":508.8717,""4096"":525.7627,""8192"":542.6044}","{""L=2048_d=0.5"":{""ar_exact_match_rate"":0.0,""mean_nll_gap"":-0.0408,""retrieval_rate"":0.375,""trials"":8},""L=4096_d=0.5"":{""ar_exact_match_rate"":0.0,""mean_nll_gap"":-0.1341,""retrieval_rate"":0.375,""trials"":8}}"
pilot,pilot_L1024_H16_Dh32_tau0.00_seed42,L1024_H16_Dh32,50m,1024,16,32,0.0,1.0,42,8388608,"[1024,2048,4096,8192]","[2048,4096]",8,2026-03-07 03:18:22,870.47,50.07,692c6b49afbbd659,"{""1024"":516.4418,""2048"":520.3926,""4096"":538.1968,""8192"":580.1217}","{""L=2048_d=0.5"":{""ar_exact_match_rate"":0.0,""mean_nll_gap"":0.1343,""retrieval_rate"":0.625,""trials"":8},""L=4096_d=0.5"":{""ar_exact_match_rate"":0.0,""mean_nll_gap"":-0.1375,""retrieval_rate"":0.375,""trials"":8}}"
pilot,pilot_L1024_H16_Dh32_tau0.75_seed42,L1024_H16_Dh32,50m,1024,16,32,0.75,1.0,42,8388608,"[1024,2048,4096,8192]","[2048,4096]",8,2026-03-07 03:33:39,867.31,49.85,e0b0941e76519416,"{""1024"":519.2409,""2048"":534.5021,""4096"":548.3234,""8192"":573.9192}","{""L=2048_d=0.5"":{""ar_exact_match_rate"":0.0,""mean_nll_gap"":0.3043,""retrieval_rate"":0.5,""trials"":8},""L=4096_d=0.5"":{""ar_exact_match_rate"":0.0,""mean_nll_gap"":-0.415,""retrieval_rate"":0.125,""trials"":8}}"
pilot,pilot_L1024_H16_Dh32_tau1.00_seed42,L1024_H16_Dh32,50m,1024,16,32,1.0,1.0,42,8388608,"[1024,2048,4096,8192]","[2048,4096]",8,2026-03-07 03:48:56,866.85,49.87,25d56126838112f0,"{""1024"":522.0684,""2048"":523.6796,""4096"":561.2036,""8192"":596.2986}","{""L=2048_d=0.5"":{""ar_exact_match_rate"":0.0,""mean_nll_gap"":0.1153,""retrieval_rate"":0.625,""trials"":8},""L=4096_d=0.5"":{""ar_exact_match_rate"":0.0,""mean_nll_gap"":-0.1692,""retrieval_rate"":0.125,""trials"":8}}"
pilot,pilot_L1024_H16_Dh32_tau1.25_seed42,L1024_H16_Dh32,50m,1024,16,32,1.25,1.0,42,8388608,"[1024,2048,4096,8192]","[2048,4096]",8,2026-03-07 04:04:13,867.11,49.82,cc2283f968fe1e29,"{""1024"":472.6702,""2048"":463.9512,""4096"":486.3477,""8192"":515.1989}","{""L=2048_d=0.5"":{""ar_exact_match_rate"":0.0,""mean_nll_gap"":-0.0216,""retrieval_rate"":0.5,""trials"":8},""L=4096_d=0.5"":{""ar_exact_match_rate"":0.0,""mean_nll_gap"":0.0004,""retrieval_rate"":0.375,""trials"":8}}"
pilot,pilot_L1024_H16_Dh32_tau1.50_seed42,L1024_H16_Dh32,50m,1024,16,32,1.5,1.0,42,8388608,"[1024,2048,4096,8192]","[2048,4096]",8,2026-03-07 04:19:48,884.08,50.81,b480952fb40bfcf6,"{""1024"":502.9977,""2048"":515.5221,""4096"":552.4049,""8192"":582.1114}","{""L=2048_d=0.5"":{""ar_exact_match_rate"":0.0,""mean_nll_gap"":-0.0703,""retrieval_rate"":0.5,""trials"":8},""L=4096_d=0.5"":{""ar_exact_match_rate"":0.0,""mean_nll_gap"":0.0133,""retrieval_rate"":0.5,""trials"":8}}"
confirm,confirm_L256_H4_Dh128_tau8.00_seed137,L256_H4_Dh128,50m,256,4,128,8.0,8.0,137,8388608,"[256,512,1024,2048]","[512,1024]",16,2026-03-07 04:31:17,674.98,9.48,63fb3b705926604a,"{""1024"":540.4804,""2048"":509.3153,""256"":397.2702,""512"":436.621}","{""L=1024_d=0.5"":{""ar_exact_match_rate"":0.0,""mean_nll_gap"":-0.0259,""retrieval_rate"":0.4375,""trials"":16},""L=512_d=0.5"":{""ar_exact_match_rate"":0.0,""mean_nll_gap"":-0.084,""retrieval_rate"":0.3125,""trials"":16}}"
confirm,confirm_L256_H4_Dh128_tau8.00_seed256,L256_H4_Dh128,50m,256,4,128,8.0,8.0,256,8388608,"[256,512,1024,2048]","[512,1024]",16,2026-03-07 04:42:44,674.15,9.35,63fb3b705926604a,"{""1024"":497.803,""2048"":457.6917,""256"":359.4475,""512"":394.6423}","{""L=1024_d=0.5"":{""ar_exact_match_rate"":0.0,""mean_nll_gap"":0.0295,""retrieval_rate"":0.5,""trials"":16},""L=512_d=0.5"":{""ar_exact_match_rate"":0.0,""mean_nll_gap"":0.004,""retrieval_rate"":0.375,""trials"":16}}"
confirm,confirm_L256_H4_Dh128_tau0.00_seed137,L256_H4_Dh128,50m,256,4,128,0.0,8.0,137,8388608,"[256,512,1024,2048]","[512,1024]",16,2026-03-07 04:54:10,673.04,9.4,8af61aed5474208f,"{""1024"":536.4829,""2048"":496.211,""256"":399.9615,""512"":438.9042}","{""L=1024_d=0.5"":{""ar_exact_match_rate"":0.0,""mean_nll_gap"":-0.0343,""retrieval_rate"":0.375,""trials"":16},""L=512_d=0.5"":{""ar_exact_match_rate"":0.0,""mean_nll_gap"":-0.0814,""retrieval_rate"":0.375,""trials"":16}}"
confirm,confirm_L256_H4_Dh128_tau0.00_seed256,L256_H4_Dh128,50m,256,4,128,0.0,8.0,256,8388608,"[256,512,1024,2048]","[512,1024]",16,2026-03-07 05:05:36,672.74,9.35,8af61aed5474208f,"{""1024"":506.6793,""2048"":467.4295,""256"":368.5351,""512"":413.1015}","{""L=1024_d=0.5"":{""ar_exact_match_rate"":0.0,""mean_nll_gap"":-0.0151,""retrieval_rate"":0.5625,""trials"":16},""L=512_d=0.5"":{""ar_exact_match_rate"":0.0,""mean_nll_gap"":-0.0133,""retrieval_rate"":0.5,""trials"":16}}"
confirm,confirm_L256_H4_Dh128_tau10.00_seed137,L256_H4_Dh128,50m,256,4,128,10.0,8.0,137,8388608,"[256,512,1024,2048]","[512,1024]",16,2026-03-07 05:17:00,670.55,9.37,6e17f38d8890418c,"{""1024"":510.6765,""2048"":476.804,""256"":389.5029,""512"":407.7958}","{""L=1024_d=0.5"":{""ar_exact_match_rate"":0.0,""mean_nll_gap"":-0.043,""retrieval_rate"":0.4375,""trials"":16},""L=512_d=0.5"":{""ar_exact_match_rate"":0.0,""mean_nll_gap"":-0.0902,""retrieval_rate"":0.25,""trials"":16}}"
confirm,confirm_L256_H4_Dh128_tau10.00_seed256,L256_H4_Dh128,50m,256,4,128,10.0,8.0,256,8388608,"[256,512,1024,2048]","[512,1024]",16,2026-03-07 05:28:24,670.51,9.33,6e17f38d8890418c,"{""1024"":490.9192,""2048"":465.3721,""256"":355.8096,""512"":406.2485}","{""L=1024_d=0.5"":{""ar_exact_match_rate"":0.0,""mean_nll_gap"":0.0066,""retrieval_rate"":0.5625,""trials"":16},""L=512_d=0.5"":{""ar_exact_match_rate"":0.0,""mean_nll_gap"":0.0651,""retrieval_rate"":0.625,""trials"":16}}"
confirm,confirm_L256_H8_Dh64_tau4.00_seed137,L256_H8_Dh64,50m,256,8,64,4.0,4.0,137,8388608,"[256,512,1024,2048]","[512,1024]",16,2026-03-07 05:40:11,683.93,10.34,78ebc7bc32db94cc,"{""1024"":502.6724,""2048"":460.1852,""256"":362.1937,""512"":389.4649}","{""L=1024_d=0.5"":{""ar_exact_match_rate"":0.0,""mean_nll_gap"":-0.0372,""retrieval_rate"":0.5,""trials"":16},""L=512_d=0.5"":{""ar_exact_match_rate"":0.0,""mean_nll_gap"":-0.061,""retrieval_rate"":0.25,""trials"":16}}"
confirm,confirm_L256_H8_Dh64_tau4.00_seed256,L256_H8_Dh64,50m,256,8,64,4.0,4.0,256,8388608,"[256,512,1024,2048]","[512,1024]",16,2026-03-07 05:51:51,681.06,10.28,78ebc7bc32db94cc,"{""1024"":510.4189,""2048"":478.6487,""256"":370.2666,""512"":413.6982}","{""L=1024_d=0.5"":{""ar_exact_match_rate"":0.0,""mean_nll_gap"":0.0262,""retrieval_rate"":0.625,""trials"":16},""L=512_d=0.5"":{""ar_exact_match_rate"":0.0,""mean_nll_gap"":0.0131,""retrieval_rate"":0.625,""trials"":16}}"
confirm,confirm_L256_H8_Dh64_tau0.00_seed137,L256_H8_Dh64,50m,256,8,64,0.0,4.0,137,8388608,"[256,512,1024,2048]","[512,1024]",16,2026-03-07 06:03:37,686.38,10.37,88654f1fe2a414d3,"{""1024"":527.7611,""2048"":485.6477,""256"":380.3719,""512"":412.9625}","{""L=1024_d=0.5"":{""ar_exact_match_rate"":0.0,""mean_nll_gap"":-0.0312,""retrieval_rate"":0.4375,""trials"":16},""L=512_d=0.5"":{""ar_exact_match_rate"":0.0,""mean_nll_gap"":-0.1318,""retrieval_rate"":0.1875,""trials"":16}}"
confirm,confirm_L256_H8_Dh64_tau0.00_seed256,L256_H8_Dh64,50m,256,8,64,0.0,4.0,256,8388608,"[256,512,1024,2048]","[512,1024]",16,2026-03-07 06:15:22,685.1,10.3,88654f1fe2a414d3,"{""1024"":521.9498,""2048"":473.5653,""256"":364.3812,""512"":413.4587}","{""L=1024_d=0.5"":{""ar_exact_match_rate"":0.0,""mean_nll_gap"":0.1151,""retrieval_rate"":0.5625,""trials"":16},""L=512_d=0.5"":{""ar_exact_match_rate"":0.0,""mean_nll_gap"":-0.0011,""retrieval_rate"":0.4375,""trials"":16}}"
confirm,confirm_L256_H8_Dh64_tau5.00_seed137,L256_H8_Dh64,50m,256,8,64,5.0,4.0,137,8388608,"[256,512,1024,2048]","[512,1024]",16,2026-03-07 06:27:07,684.56,10.29,1749296c29fa0662,"{""1024"":496.6889,""2048"":451.6234,""256"":357.7755,""512"":390.0358}","{""L=1024_d=0.5"":{""ar_exact_match_rate"":0.0,""mean_nll_gap"":-0.0214,""retrieval_rate"":0.5,""trials"":16},""L=512_d=0.5"":{""ar_exact_match_rate"":0.0,""mean_nll_gap"":-0.0213,""retrieval_rate"":0.375,""trials"":16}}"
confirm,confirm_L256_H8_Dh64_tau5.00_seed256,L256_H8_Dh64,50m,256,8,64,5.0,4.0,256,8388608,"[256,512,1024,2048]","[512,1024]",16,2026-03-07 06:38:48,681.51,10.27,1749296c29fa0662,"{""1024"":515.4652,""2048"":480.1861,""256"":379.7299,""512"":413.0561}","{""L=1024_d=0.5"":{""ar_exact_match_rate"":0.0,""mean_nll_gap"":-0.0319,""retrieval_rate"":0.375,""trials"":16},""L=512_d=0.5"":{""ar_exact_match_rate"":0.0,""mean_nll_gap"":0.0337,""retrieval_rate"":0.625,""trials"":16}}"
confirm,confirm_L256_H16_Dh32_tau2.00_seed137,L256_H16_Dh32,50m,256,16,32,2.0,2.0,137,8388608,"[256,512,1024,2048]","[512,1024]",16,2026-03-07 06:51:04,720.74,12.67,4ff30ba6c9ce317c,"{""1024"":522.3899,""2048"":495.1817,""256"":374.607,""512"":416.3583}","{""L=1024_d=0.5"":{""ar_exact_match_rate"":0.0,""mean_nll_gap"":-0.0061,""retrieval_rate"":0.4375,""trials"":16},""L=512_d=0.5"":{""ar_exact_match_rate"":0.0,""mean_nll_gap"":0.0667,""retrieval_rate"":0.625,""trials"":16}}"
confirm,confirm_L256_H16_Dh32_tau2.00_seed256,L256_H16_Dh32,50m,256,16,32,2.0,2.0,256,8388608,"[256,512,1024,2048]","[512,1024]",16,2026-03-07 07:03:20,720.87,12.53,4ff30ba6c9ce317c,"{""1024"":529.3164,""2048"":497.3395,""256"":366.0537,""512"":420.2907}","{""L=1024_d=0.5"":{""ar_exact_match_rate"":0.0,""mean_nll_gap"":0.0626,""retrieval_rate"":0.75,""trials"":16},""L=512_d=0.5"":{""ar_exact_match_rate"":0.0,""mean_nll_gap"":0.0461,""retrieval_rate"":0.625,""trials"":16}}"
confirm,confirm_L256_H16_Dh32_tau0.00_seed137,L256_H16_Dh32,50m,256,16,32,0.0,2.0,137,8388608,"[256,512,1024,2048]","[512,1024]",16,2026-03-07 07:15:38,722.79,12.58,692c6b49afbbd659,"{""1024"":511.3453,""2048"":488.9459,""256"":358.1191,""512"":397.3793}","{""L=1024_d=0.5"":{""ar_exact_match_rate"":0.0,""mean_nll_gap"":0.011,""retrieval_rate"":0.5,""trials"":16},""L=512_d=0.5"":{""ar_exact_match_rate"":0.0,""mean_nll_gap"":-0.0455,""retrieval_rate"":0.4375,""trials"":16}}"
confirm,confirm_L256_H16_Dh32_tau0.00_seed256,L256_H16_Dh32,50m,256,16,32,0.0,2.0,256,8388608,"[256,512,1024,2048]","[512,1024]",16,2026-03-07 07:27:57,723.26,12.58,692c6b49afbbd659,"{""1024"":546.6956,""2048"":530.4846,""256"":395.9405,""512"":439.028}","{""L=1024_d=0.5"":{""ar_exact_match_rate"":0.0,""mean_nll_gap"":-0.0041,""retrieval_rate"":0.5625,""trials"":16},""L=512_d=0.5"":{""ar_exact_match_rate"":0.0,""mean_nll_gap"":0.0728,""retrieval_rate"":0.625,""trials"":16}}"
confirm,confirm_L256_H16_Dh32_tau2.50_seed137,L256_H16_Dh32,50m,256,16,32,2.5,2.0,137,8388608,"[256,512,1024,2048]","[512,1024]",16,2026-03-07 07:40:12,720.32,12.54,8705811f91cee062,"{""1024"":519.2597,""2048"":492.8251,""256"":363.3566,""512"":405.8562}","{""L=1024_d=0.5"":{""ar_exact_match_rate"":0.0,""mean_nll_gap"":-0.0377,""retrieval_rate"":0.375,""trials"":16},""L=512_d=0.5"":{""ar_exact_match_rate"":0.0,""mean_nll_gap"":-0.0627,""retrieval_rate"":0.4375,""trials"":16}}"
confirm,confirm_L256_H16_Dh32_tau2.50_seed256,L256_H16_Dh32,50m,256,16,32,2.5,2.0,256,8388608,"[256,512,1024,2048]","[512,1024]",16,2026-03-07 07:52:28,720.47,12.6,8705811f91cee062,"{""1024"":530.274,""2048"":514.8792,""256"":370.7443,""512"":431.1104}","{""L=1024_d=0.5"":{""ar_exact_match_rate"":0.0,""mean_nll_gap"":0.0013,""retrieval_rate"":0.5,""trials"":16},""L=512_d=0.5"":{""ar_exact_match_rate"":0.0,""mean_nll_gap"":-0.005,""retrieval_rate"":0.5,""trials"":16}}"
confirm,confirm_L512_H4_Dh128_tau5.66_seed137,L512_H4_Dh128,50m,512,4,128,5.66,5.66,137,8388608,"[512,1024,2048,4096]","[1024,2048]",16,2026-03-07 08:04:28,698.71,21.55,8a23105f16618669,"{""1024"":446.878,""2048"":474.9608,""4096"":447.8664,""512"":458.2666}","{""L=1024_d=0.5"":{""ar_exact_match_rate"":0.0,""mean_nll_gap"":-0.0357,""retrieval_rate"":0.4375,""trials"":16},""L=2048_d=0.5"":{""ar_exact_match_rate"":0.0,""mean_nll_gap"":-0.0637,""retrieval_rate"":0.375,""trials"":16}}"
confirm,confirm_L512_H4_Dh128_tau5.66_seed256,L512_H4_Dh128,50m,512,4,128,5.66,5.66,256,8388608,"[512,1024,2048,4096]","[1024,2048]",16,2026-03-07 08:16:31,701.13,21.58,8a23105f16618669,"{""1024"":452.9841,""2048"":479.4551,""4096"":452.5289,""512"":462.3728}","{""L=1024_d=0.5"":{""ar_exact_match_rate"":0.0,""mean_nll_gap"":0.048,""retrieval_rate"":0.5,""trials"":16},""L=2048_d=0.5"":{""ar_exact_match_rate"":0.0,""mean_nll_gap"":-0.0564,""retrieval_rate"":0.4375,""trials"":16}}"
confirm,confirm_L512_H4_Dh128_tau0.00_seed137,L512_H4_Dh128,50m,512,4,128,0.0,5.66,137,8388608,"[512,1024,2048,4096]","[1024,2048]",16,2026-03-07 08:28:35,702.54,21.76,8af61aed5474208f,"{""1024"":476.5591,""2048"":490.4191,""4096"":466.3082,""512"":485.2438}","{""L=1024_d=0.5"":{""ar_exact_match_rate"":0.0,""mean_nll_gap"":0.004,""retrieval_rate"":0.5,""trials"":16},""L=2048_d=0.5"":{""ar_exact_match_rate"":0.0,""mean_nll_gap"":-0.0566,""retrieval_rate"":0.5625,""trials"":16}}"
confirm,confirm_L512_H4_Dh128_tau0.00_seed256,L512_H4_Dh128,50m,512,4,128,0.0,5.66,256,8388608,"[512,1024,2048,4096]","[1024,2048]",16,2026-03-07 08:40:41,703.78,21.59,8af61aed5474208f,"{""1024"":453.6487,""2048"":472.3313,""4096"":450.6764,""512"":444.0346}","{""L=1024_d=0.5"":{""ar_exact_match_rate"":0.0,""mean_nll_gap"":0.0175,""retrieval_rate"":0.4375,""trials"":16},""L=2048_d=0.5"":{""ar_exact_match_rate"":0.0,""mean_nll_gap"":-0.0623,""retrieval_rate"":0.25,""trials"":16}}"
confirm,confirm_L512_H4_Dh128_tau4.24_seed137,L512_H4_Dh128,50m,512,4,128,4.24,5.66,137,8388608,"[512,1024,2048,4096]","[1024,2048]",16,2026-03-07 08:52:45,702.35,21.66,606fa156d9115990,"{""1024"":448.7283,""2048"":474.4441,""4096"":451.7192,""512"":455.6409}","{""L=1024_d=0.5"":{""ar_exact_match_rate"":0.0,""mean_nll_gap"":-0.0235,""retrieval_rate"":0.4375,""trials"":16},""L=2048_d=0.5"":{""ar_exact_match_rate"":0.0,""mean_nll_gap"":-0.0609,""retrieval_rate"":0.3125,""trials"":16}}"
confirm,confirm_L512_H4_Dh128_tau4.24_seed256,L512_H4_Dh128,50m,512,4,128,4.24,5.66,256,8388608,"[512,1024,2048,4096]","[1024,2048]",16,2026-03-07 09:04:50,703.49,21.66,606fa156d9115990,"{""1024"":471.0706,""2048"":503.2434,""4096"":475.1516,""512"":476.063}","{""L=1024_d=0.5"":{""ar_exact_match_rate"":0.0,""mean_nll_gap"":0.0918,""retrieval_rate"":0.6875,""trials"":16},""L=2048_d=0.5"":{""ar_exact_match_rate"":0.0,""mean_nll_gap"":0.0067,""retrieval_rate"":0.4375,""trials"":16}}"
confirm,confirm_L512_H8_Dh64_tau2.83_seed137,L512_H8_Dh64,50m,512,8,64,2.83,2.83,137,8388608,"[512,1024,2048,4096]","[1024,2048]",16,2026-03-07 09:16:52,695.56,25.98,c1fb591de60ec684,"{""1024"":458.6934,""2048"":487.417,""4096"":471.6702,""512"":461.6543}","{""L=1024_d=0.5"":{""ar_exact_match_rate"":0.0,""mean_nll_gap"":0.019,""retrieval_rate"":0.375,""trials"":16},""L=2048_d=0.5"":{""ar_exact_match_rate"":0.0,""mean_nll_gap"":-0.0234,""retrieval_rate"":0.4375,""trials"":16}}"
confirm,confirm_L512_H8_Dh64_tau2.83_seed256,L512_H8_Dh64,50m,512,8,64,2.83,2.83,256,8388608,"[512,1024,2048,4096]","[1024,2048]",16,2026-03-07 09:28:56,697.8,26.46,c1fb591de60ec684,"{""1024"":452.5749,""2048"":474.0737,""4096"":449.687,""512"":440.2743}","{""L=1024_d=0.5"":{""ar_exact_match_rate"":0.0,""mean_nll_gap"":-0.0453,""retrieval_rate"":0.375,""trials"":16},""L=2048_d=0.5"":{""ar_exact_match_rate"":0.0,""mean_nll_gap"":0.0482,""retrieval_rate"":0.6875,""trials"":16}}"
confirm,confirm_L512_H8_Dh64_tau0.00_seed137,L512_H8_Dh64,50m,512,8,64,0.0,2.83,137,8388608,"[512,1024,2048,4096]","[1024,2048]",16,2026-03-07 09:40:59,696.55,26.21,88654f1fe2a414d3,"{""1024"":484.9934,""2048"":509.1419,""4096"":487.2635,""512"":487.4313}","{""L=1024_d=0.5"":{""ar_exact_match_rate"":0.0,""mean_nll_gap"":0.0371,""retrieval_rate"":0.4375,""trials"":16},""L=2048_d=0.5"":{""ar_exact_match_rate"":0.0,""mean_nll_gap"":-0.0938,""retrieval_rate"":0.375,""trials"":16}}"
confirm,confirm_L512_H8_Dh64_tau0.00_seed256,L512_H8_Dh64,50m,512,8,64,0.0,2.83,256,8388608,"[512,1024,2048,4096]","[1024,2048]",16,2026-03-07 09:53:10,704.67,26.31,88654f1fe2a414d3,"{""1024"":450.0595,""2048"":484.266,""4096"":460.0524,""512"":445.091}","{""L=1024_d=0.5"":{""ar_exact_match_rate"":0.0,""mean_nll_gap"":0.0281,""retrieval_rate"":0.5,""trials"":16},""L=2048_d=0.5"":{""ar_exact_match_rate"":0.0,""mean_nll_gap"":-0.054,""retrieval_rate"":0.5,""trials"":16}}"
confirm,confirm_L512_H8_Dh64_tau4.24_seed137,L512_H8_Dh64,50m,512,8,64,4.24,2.83,137,8388608,"[512,1024,2048,4096]","[1024,2048]",16,2026-03-07 10:05:26,709.07,26.67,f3529f8284b8cde4,"{""1024"":495.5288,""2048"":523.0164,""4096"":499.7532,""512"":510.1172}","{""L=1024_d=0.5"":{""ar_exact_match_rate"":0.0,""mean_nll_gap"":-0.0176,""retrieval_rate"":0.4375,""trials"":16},""L=2048_d=0.5"":{""ar_exact_match_rate"":0.0,""mean_nll_gap"":-0.0853,""retrieval_rate"":0.4375,""trials"":16}}"
confirm,confirm_L512_H8_Dh64_tau4.24_seed256,L512_H8_Dh64,50m,512,8,64,4.24,2.83,256,8388608,"[512,1024,2048,4096]","[1024,2048]",16,2026-03-07 10:17:33,700.6,26.38,f3529f8284b8cde4,"{""1024"":429.0024,""2048"":463.3394,""4096"":435.4975,""512"":419.3074}","{""L=1024_d=0.5"":{""ar_exact_match_rate"":0.0,""mean_nll_gap"":0.107,""retrieval_rate"":0.75,""trials"":16},""L=2048_d=0.5"":{""ar_exact_match_rate"":0.0,""mean_nll_gap"":-0.095,""retrieval_rate"":0.3125,""trials"":16}}"
confirm,confirm_L512_H16_Dh32_tau1.41_seed137,L512_H16_Dh32,50m,512,16,32,1.41,1.41,137,8388608,"[512,1024,2048,4096]","[1024,2048]",16,2026-03-07 10:30:49,760.58,35.53,0ea566e18b94b1fc,"{""1024"":501.4284,""2048"":539.1458,""4096"":516.6228,""512"":491.9197}","{""L=1024_d=0.5"":{""ar_exact_match_rate"":0.0,""mean_nll_gap"":-0.0186,""retrieval_rate"":0.5,""trials"":16},""L=2048_d=0.5"":{""ar_exact_match_rate"":0.0,""mean_nll_gap"":-0.1078,""retrieval_rate"":0.4375,""trials"":16}}"
confirm,confirm_L512_H16_Dh32_tau1.41_seed256,L512_H16_Dh32,50m,512,16,32,1.41,1.41,256,8388608,"[512,1024,2048,4096]","[1024,2048]",16,2026-03-07 10:44:06,760.71,35.67,0ea566e18b94b1fc,"{""1024"":536.4459,""2048"":561.529,""4096"":552.0577,""512"":538.3605}","{""L=1024_d=0.5"":{""ar_exact_match_rate"":0.0,""mean_nll_gap"":0.0549,""retrieval_rate"":0.4375,""trials"":16},""L=2048_d=0.5"":{""ar_exact_match_rate"":0.0,""mean_nll_gap"":-0.1071,""retrieval_rate"":0.5625,""trials"":16}}"
confirm,confirm_L512_H16_Dh32_tau0.00_seed137,L512_H16_Dh32,50m,512,16,32,0.0,1.41,137,8388608,"[512,1024,2048,4096]","[1024,2048]",16,2026-03-07 10:57:25,762.99,35.73,692c6b49afbbd659,"{""1024"":490.6551,""2048"":505.028,""4096"":488.8092,""512"":468.1018}","{""L=1024_d=0.5"":{""ar_exact_match_rate"":0.0,""mean_nll_gap"":0.011,""retrieval_rate"":0.4375,""trials"":16},""L=2048_d=0.5"":{""ar_exact_match_rate"":0.0,""mean_nll_gap"":-0.1241,""retrieval_rate"":0.4375,""trials"":16}}"
confirm,confirm_L512_H16_Dh32_tau0.00_seed256,L512_H16_Dh32,50m,512,16,32,0.0,1.41,256,8388608,"[512,1024,2048,4096]","[1024,2048]",16,2026-03-07 11:10:46,764.92,35.73,692c6b49afbbd659,"{""1024"":487.4263,""2048"":506.6955,""4096"":494.708,""512"":486.1611}","{""L=1024_d=0.5"":{""ar_exact_match_rate"":0.0,""mean_nll_gap"":0.0341,""retrieval_rate"":0.5,""trials"":16},""L=2048_d=0.5"":{""ar_exact_match_rate"":0.0,""mean_nll_gap"":-0.0505,""retrieval_rate"":0.4375,""trials"":16}}"
confirm,confirm_L512_H16_Dh32_tau1.77_seed137,L512_H16_Dh32,50m,512,16,32,1.77,1.41,137,8388608,"[512,1024,2048,4096]","[1024,2048]",16,2026-03-07 11:24:06,764.78,35.76,541b43b6a2006a12,"{""1024"":455.3063,""2048"":484.2322,""4096"":457.7673,""512"":445.1847}","{""L=1024_d=0.5"":{""ar_exact_match_rate"":0.0,""mean_nll_gap"":0.0892,""retrieval_rate"":0.5625,""trials"":16},""L=2048_d=0.5"":{""ar_exact_match_rate"":0.0,""mean_nll_gap"":-0.0673,""retrieval_rate"":0.375,""trials"":16}}"
confirm,confirm_L512_H16_Dh32_tau1.77_seed256,L512_H16_Dh32,50m,512,16,32,1.77,1.41,256,8388608,"[512,1024,2048,4096]","[1024,2048]",16,2026-03-07 11:37:29,766.56,35.82,541b43b6a2006a12,"{""1024"":443.7353,""2048"":484.1566,""4096"":469.0552,""512"":448.4734}","{""L=1024_d=0.5"":{""ar_exact_match_rate"":0.0,""mean_nll_gap"":0.0631,""retrieval_rate"":0.75,""trials"":16},""L=2048_d=0.5"":{""ar_exact_match_rate"":0.0,""mean_nll_gap"":0.0323,""retrieval_rate"":0.5625,""trials"":16}}"
confirm,confirm_L1024_H4_Dh128_tau4.00_seed137,L1024_H4_Dh128,50m,1024,4,128,4.0,4.0,137,8388608,"[1024,2048,4096,8192]","[2048,4096]",16,2026-03-07 11:50:36,727.83,59.55,cd63695be12df2b3,"{""1024"":473.9778,""2048"":495.3983,""4096"":488.1139,""8192"":514.7057}","{""L=2048_d=0.5"":{""ar_exact_match_rate"":0.0,""mean_nll_gap"":-0.1167,""retrieval_rate"":0.25,""trials"":16},""L=4096_d=0.5"":{""ar_exact_match_rate"":0.0,""mean_nll_gap"":-0.0103,""retrieval_rate"":0.375,""trials"":16}}"
confirm,confirm_L1024_H4_Dh128_tau4.00_seed256,L1024_H4_Dh128,50m,1024,4,128,4.0,4.0,256,8388608,"[1024,2048,4096,8192]","[2048,4096]",16,2026-03-07 12:03:47,730.17,59.97,cd63695be12df2b3,"{""1024"":469.2864,""2048"":497.5537,""4096"":496.9129,""8192"":528.6265}","{""L=2048_d=0.5"":{""ar_exact_match_rate"":0.0,""mean_nll_gap"":0.0785,""retrieval_rate"":0.5,""trials"":16},""L=4096_d=0.5"":{""ar_exact_match_rate"":0.0,""mean_nll_gap"":0.0588,""retrieval_rate"":0.4375,""trials"":16}}"
confirm,confirm_L1024_H4_Dh128_tau0.00_seed137,L1024_H4_Dh128,50m,1024,4,128,0.0,4.0,137,8388608,"[1024,2048,4096,8192]","[2048,4096]",16,2026-03-07 12:16:59,732.51,60.04,8af61aed5474208f,"{""1024"":504.8922,""2048"":507.3409,""4096"":510.653,""8192"":534.8496}","{""L=2048_d=0.5"":{""ar_exact_match_rate"":0.0,""mean_nll_gap"":-0.1789,""retrieval_rate"":0.375,""trials"":16},""L=4096_d=0.5"":{""ar_exact_match_rate"":0.0,""mean_nll_gap"":-0.0973,""retrieval_rate"":0.4375,""trials"":16}}"
confirm,confirm_L1024_H4_Dh128_tau0.00_seed256,L1024_H4_Dh128,50m,1024,4,128,0.0,4.0,256,8388608,"[1024,2048,4096,8192]","[2048,4096]",16,2026-03-07 12:30:14,734.46,60.26,8af61aed5474208f,"{""1024"":499.9511,""2048"":516.139,""4096"":526.2878,""8192"":547.2952}","{""L=2048_d=0.5"":{""ar_exact_match_rate"":0.0,""mean_nll_gap"":0.2597,""retrieval_rate"":0.6875,""trials"":16},""L=4096_d=0.5"":{""ar_exact_match_rate"":0.0,""mean_nll_gap"":-0.115,""retrieval_rate"":0.3125,""trials"":16}}"
confirm,confirm_L1024_H4_Dh128_tau5.00_seed137,L1024_H4_Dh128,50m,1024,4,128,5.0,4.0,137,8388608,"[1024,2048,4096,8192]","[2048,4096]",16,2026-03-07 12:43:31,736.6,60.26,991f72bf01e48210,"{""1024"":459.0856,""2048"":460.8612,""4096"":462.7657,""8192"":490.8047}","{""L=2048_d=0.5"":{""ar_exact_match_rate"":0.0,""mean_nll_gap"":0.0201,""retrieval_rate"":0.5,""trials"":16},""L=4096_d=0.5"":{""ar_exact_match_rate"":0.0,""mean_nll_gap"":0.1,""retrieval_rate"":0.5,""trials"":16}}"
confirm,confirm_L1024_H4_Dh128_tau5.00_seed256,L1024_H4_Dh128,50m,1024,4,128,5.0,4.0,256,8388608,"[1024,2048,4096,8192]","[2048,4096]",16,2026-03-07 12:56:48,735.88,60.51,991f72bf01e48210,"{""1024"":445.3692,""2048"":457.9511,""4096"":467.0368,""8192"":496.3862}","{""L=2048_d=0.5"":{""ar_exact_match_rate"":0.0,""mean_nll_gap"":-0.0945,""retrieval_rate"":0.375,""trials"":16},""L=4096_d=0.5"":{""ar_exact_match_rate"":0.0,""mean_nll_gap"":0.0173,""retrieval_rate"":0.5625,""trials"":16}}"
confirm,confirm_L1024_H8_Dh64_tau2.00_seed137,L1024_H8_Dh64,50m,1024,8,64,2.0,2.0,137,8388608,"[1024,2048,4096,8192]","[2048,4096]",16,2026-03-07 13:11:08,780.27,79.62,8cb894ddc2e5628a,"{""1024"":457.872,""2048"":470.6776,""4096"":479.4613,""8192"":505.9981}","{""L=2048_d=0.5"":{""ar_exact_match_rate"":0.0,""mean_nll_gap"":-0.023,""retrieval_rate"":0.5,""trials"":16},""L=4096_d=0.5"":{""ar_exact_match_rate"":0.0,""mean_nll_gap"":0.059,""retrieval_rate"":0.4375,""trials"":16}}"
confirm,confirm_L1024_H8_Dh64_tau2.00_seed256,L1024_H8_Dh64,50m,1024,8,64,2.0,2.0,256,8388608,"[1024,2048,4096,8192]","[2048,4096]",16,2026-03-07 13:25:43,795.59,79.3,8cb894ddc2e5628a,"{""1024"":491.9003,""2048"":499.653,""4096"":518.4369,""8192"":548.7701}","{""L=2048_d=0.5"":{""ar_exact_match_rate"":0.0,""mean_nll_gap"":-0.0922,""retrieval_rate"":0.5,""trials"":16},""L=4096_d=0.5"":{""ar_exact_match_rate"":0.0,""mean_nll_gap"":0.0444,""retrieval_rate"":0.4375,""trials"":16}}"
confirm,confirm_L1024_H8_Dh64_tau0.00_seed137,L1024_H8_Dh64,50m,1024,8,64,0.0,2.0,137,8388608,"[1024,2048,4096,8192]","[2048,4096]",16,2026-03-07 13:39:46,764.89,78.2,88654f1fe2a414d3,"{""1024"":463.7141,""2048"":483.7649,""4096"":488.0462,""8192"":518.6181}","{""L=2048_d=0.5"":{""ar_exact_match_rate"":0.0,""mean_nll_gap"":-0.1601,""retrieval_rate"":0.3125,""trials"":16},""L=4096_d=0.5"":{""ar_exact_match_rate"":0.0,""mean_nll_gap"":-0.2424,""retrieval_rate"":0.25,""trials"":16}}"
confirm,confirm_L1024_H8_Dh64_tau0.00_seed256,L1024_H8_Dh64,50m,1024,8,64,0.0,2.0,256,8388608,"[1024,2048,4096,8192]","[2048,4096]",16,2026-03-07 13:53:49,764.85,77.88,88654f1fe2a414d3,"{""1024"":479.8654,""2048"":475.4163,""4096"":496.1048,""8192"":531.1568}","{""L=2048_d=0.5"":{""ar_exact_match_rate"":0.0,""mean_nll_gap"":0.0026,""retrieval_rate"":0.5625,""trials"":16},""L=4096_d=0.5"":{""ar_exact_match_rate"":0.0,""mean_nll_gap"":-0.0105,""retrieval_rate"":0.5,""trials"":16}}"
confirm,confirm_L1024_H8_Dh64_tau2.50_seed137,L1024_H8_Dh64,50m,1024,8,64,2.5,2.0,137,8388608,"[1024,2048,4096,8192]","[2048,4096]",16,2026-03-07 14:07:50,762.56,78.01,98eb8df289452c77,"{""1024"":462.0135,""2048"":479.8472,""4096"":484.3222,""8192"":506.8381}","{""L=2048_d=0.5"":{""ar_exact_match_rate"":0.0,""mean_nll_gap"":-0.0237,""retrieval_rate"":0.5,""trials"":16},""L=4096_d=0.5"":{""ar_exact_match_rate"":0.0,""mean_nll_gap"":-0.0646,""retrieval_rate"":0.4375,""trials"":16}}"
confirm,confirm_L1024_H8_Dh64_tau2.50_seed256,L1024_H8_Dh64,50m,1024,8,64,2.5,2.0,256,8388608,"[1024,2048,4096,8192]","[2048,4096]",16,2026-03-07 14:21:52,764.19,77.89,98eb8df289452c77,"{""1024"":480.5017,""2048"":493.2484,""4096"":507.4509,""8192"":536.1857}","{""L=2048_d=0.5"":{""ar_exact_match_rate"":0.0,""mean_nll_gap"":0.0665,""retrieval_rate"":0.5625,""trials"":16},""L=4096_d=0.5"":{""ar_exact_match_rate"":0.0,""mean_nll_gap"":-0.062,""retrieval_rate"":0.3125,""trials"":16}}"
confirm,confirm_L1024_H16_Dh32_tau1.00_seed137,L1024_H16_Dh32,50m,1024,16,32,1.0,1.0,137,8388608,"[1024,2048,4096,8192]","[2048,4096]",16,2026-03-07 14:38:13,884.45,96.55,25d56126838112f0,"{""1024"":501.5489,""2048"":509.7048,""4096"":531.4541,""8192"":578.8379}","{""L=2048_d=0.5"":{""ar_exact_match_rate"":0.0,""mean_nll_gap"":-0.057,""retrieval_rate"":0.5,""trials"":16},""L=4096_d=0.5"":{""ar_exact_match_rate"":0.0,""mean_nll_gap"":-0.1051,""retrieval_rate"":0.375,""trials"":16}}"
confirm,confirm_L1024_H16_Dh32_tau1.00_seed256,L1024_H16_Dh32,50m,1024,16,32,1.0,1.0,256,8388608,"[1024,2048,4096,8192]","[2048,4096]",16,2026-03-07 14:54:32,881.42,97.71,25d56126838112f0,"{""1024"":495.7207,""2048"":501.6162,""4096"":536.3432,""8192"":585.5155}","{""L=2048_d=0.5"":{""ar_exact_match_rate"":0.0,""mean_nll_gap"":-0.0108,""retrieval_rate"":0.5625,""trials"":16},""L=4096_d=0.5"":{""ar_exact_match_rate"":0.0,""mean_nll_gap"":0.101,""retrieval_rate"":0.625,""trials"":16}}"
confirm,confirm_L1024_H16_Dh32_tau0.00_seed137,L1024_H16_Dh32,50m,1024,16,32,0.0,1.0,137,8388608,"[1024,2048,4096,8192]","[2048,4096]",16,2026-03-07 15:10:44,877.49,94.04,692c6b49afbbd659,"{""1024"":478.2186,""2048"":502.047,""4096"":509.9705,""8192"":557.2488}","{""L=2048_d=0.5"":{""ar_exact_match_rate"":0.0,""mean_nll_gap"":-0.0984,""retrieval_rate"":0.5625,""trials"":16},""L=4096_d=0.5"":{""ar_exact_match_rate"":0.0,""mean_nll_gap"":-0.0204,""retrieval_rate"":0.4375,""trials"":16}}"
confirm,confirm_L1024_H16_Dh32_tau0.00_seed256,L1024_H16_Dh32,50m,1024,16,32,0.0,1.0,256,8388608,"[1024,2048,4096,8192]","[2048,4096]",16,2026-03-07 15:26:56,877.61,94.59,692c6b49afbbd659,"{""1024"":495.1316,""2048"":504.4882,""4096"":539.464,""8192"":591.6833}","{""L=2048_d=0.5"":{""ar_exact_match_rate"":0.0,""mean_nll_gap"":-0.0156,""retrieval_rate"":0.5,""trials"":16},""L=4096_d=0.5"":{""ar_exact_match_rate"":0.0,""mean_nll_gap"":0.0936,""retrieval_rate"":0.5625,""trials"":16}}"
confirm,confirm_L1024_H16_Dh32_tau1.25_seed137,L1024_H16_Dh32,50m,1024,16,32,1.25,1.0,137,8388608,"[1024,2048,4096,8192]","[2048,4096]",16,2026-03-07 15:43:11,876.57,97.97,cc2283f968fe1e29,"{""1024"":483.0747,""2048"":495.2267,""4096"":503.6123,""8192"":537.5945}","{""L=2048_d=0.5"":{""ar_exact_match_rate"":0.0,""mean_nll_gap"":0.1608,""retrieval_rate"":0.75,""trials"":16},""L=4096_d=0.5"":{""ar_exact_match_rate"":0.0,""mean_nll_gap"":-0.0288,""retrieval_rate"":0.5,""trials"":16}}"
confirm,confirm_L1024_H16_Dh32_tau1.25_seed256,L1024_H16_Dh32,50m,1024,16,32,1.25,1.0,256,8388608,"[1024,2048,4096,8192]","[2048,4096]",16,2026-03-07 15:59:24,877.07,95.46,cc2283f968fe1e29,"{""1024"":531.4326,""2048"":533.0729,""4096"":555.2332,""8192"":598.6462}","{""L=2048_d=0.5"":{""ar_exact_match_rate"":0.0,""mean_nll_gap"":-0.0499,""retrieval_rate"":0.375,""trials"":16},""L=4096_d=0.5"":{""ar_exact_match_rate"":0.0,""mean_nll_gap"":-0.0498,""retrieval_rate"":0.5,""trials"":16}}"
